,Id,Company,Model,Horsepower,Torque,Transmission Type,Drivetrain,Fuel Economy,Number of Doors,Price,Model Year Range,Body Type,Engine Type,Number of Cylinders,Seats,Fuel Type,Colour
0,45cbdca6-6c96-4456-a45e-7f5bedfd7e2b,Ferrari,812 Superfast,789 hp,530 lb-ft,7-speed automatic,RWD,13/20 mpg,2,"$366,712",2018 - Present,Coupe,6.5L V12,12,5,CNG,"['red', 'white', 'black', 'grey', 'green', 'yellow']"
1,aa5eb2e9-4577-481c-846d-9a75a13d8599,Ferrari,F8 Tributo,710 hp,568 lb-ft,7-speed automatic,RWD,15/19 mpg,2,"$276,550",2020 - Present,Coupe,3.9L V8,8,7,Petrol,"['blue', 'grey', 'silver', 'brown']"
2,da8c5cb5-76ec-4a8b-9c5e-9dff053784f8,Ferrari,Roma,611 hp,560 lb-ft,8-speed automatic,RWD,16/24 mpg,2,"$218,750",2021 - Present,Coupe,3.9L V8,8,4,Petrol,"['white', 'black', 'silver', 'grey', 'green', 'yellow', 'silver', 'brown']"
3,504ece18-deba-4e0d-8588-b08311b2635a,Ferrari,Portofino M,612 hp,561 lb-ft,8-speed automatic,RWD,16/22 mpg,2,"$254,475",2021 - Present,Convertible,3.9L V8,8,4,CNG,"['red', 'white', 'blue', 'black', 'silver', 'grey', 'green', 'yellow', 'silver', 'brown']"
4,590abe94-ed8e-4b4e-b25b-6cf9298e7735,Ferrari,SF90 Stradale,986 hp,590 lb-ft,8-speed automatic,AWD,18 mpg (combined),2,"$625,000",2020 - Present,Coupe,4.0L V8,8,2,Petrol,"['red', 'white', 'black', 'silver', 'yellow']"
5,626e79b0-8bc2-439d-8615-db06db43de6b,Ferrari,488 Pista,711 hp,568 lb-ft,7-speed automatic,RWD,15/20 mpg,2,"$350,050",2019 - 2020,Coupe,3.9L V8,8,4,Petrol,"['red', 'white', 'blue', 'black', 'yellow', 'brown']"
6,49daf659-e0bb-4d09-97ea-d79353987005,Ferrari,GTC4Lusso,680 hp,514 lb-ft,7-speed automatic,AWD,12/17 mpg,4,"$298,750",2017 - 2020,Hatchback,6.3L V12,12,4,Petrol,"['blue', 'black', 'silver', 'green', 'silver']"
7,ddd8308e-5400-422d-bc15-b72107020059,Ferrari,488 GTB,661 hp,561 lb-ft,7-speed automatic,RWD,15/22 mpg,2,"$262,647",2016 - 2019,Coupe,3.9L V8,8,4,CNG,"['grey', 'silver', 'brown']"
8,f721e40e-e9bc-4025-9b70-d73f7b74984d,Ferrari,California T,553 hp,557 lb-ft,7-speed automatic,RWD,16/23 mpg,2,"$202,723",2015 - 2018,Convertible,3.9L V8,8,7,CNG,"['blue', 'grey', 'green', 'yellow', 'silver', 'brown']"
9,7bb790e2-5ec6-411a-b0f2-f751583df27b,Ferrari,LaFerrari,950 hp,664 lb-ft,7-speed automatic,RWD,12 mpg (combined),2,"$1,420,000",2014 - 2016,Coupe,6.3L V12,12,5,CNG,"['red', 'white', 'blue', 'silver', 'grey', 'silver', 'brown']"
10,04b4669e-0dab-47d9-82a9-867304e1931f,Mahindra,XUV300,109 hp,200 Nm,"6-speed Manual, 6-speed AMT",FWD,13-20 km/l,5,Rs. 7.96 - 13.33 Lakh,2019 - present,SUV,"1.2L Turbo Petrol, 1.5L Turbo Diesel",3/4,7,Diesel,"['blue', 'black', 'grey', 'yellow', 'silver', 'brown']"
11,1bd0843f-6f79-421b-971a-3a3081bf935b,Mahindra,Scorpio,140 hp,320 Nm,6-speed Manual,RWD,15 km/l,"5, 7",Rs. 12.57 - 16.53 Lakh,2020 - present,SUV,2.2L mHawk Diesel,4,4,Petrol,"['red', 'black', 'green', 'yellow', 'silver']"
12,85b062db-79d5-475d-b99b-9369802dcb96,Mahindra,Thar,"152 hp (petrol), 132 hp (diesel)","320 Nm (petrol), 300 Nm (diesel)","6-speed Manual, 6-speed AT",4WD,7-12 km/l,"4, 6",Rs. 12.11 - 16.86 Lakh,2020 - present,SUV,"2.0L Turbo Petrol, 2.2L mHawk Diesel",4,2,CNG,"['blue', 'silver', 'grey', 'yellow', 'silver']"
13,4b844cae-0d0f-471a-8f2e-825096363523,Mahindra,Bolero,75 hp,210 Nm,5-speed Manual,RWD,16 km/l,"5, 7",Rs. 8.67 - 9.39 Lakh,2001 - present,SUV,1.5L mHawk75 Diesel,3,5,Petrol,"['white', 'blue', 'green', 'yellow', 'silver']"
14,65dff8ca-cdb0-47d7-ba7a-b3d06f49de0e,Mahindra,Marazzo,121 hp,300 Nm,6-speed Manual,FWD,17 km/l,"7, 8",Rs. 12.4 - 14.12 Lakh,2018 - present,MPV,1.5L mHawk Diesel,4,7,Diesel,"['red', 'blue', 'black', 'silver', 'grey', 'green', 'silver', 'brown']"
15,efdad5c6-7bd3-4859-8ee2-65b359a29094,Mahindra,Alturas G4,178 hp,420 Nm,7-speed Automatic,AWD,12 km/l,5,Rs. 28.74 - 31.73 Lakh,2018 - present,SUV,2.2L mHawk Diesel,4,4,CNG,"['red', 'white', 'black', 'green', 'yellow', 'silver', 'brown']"
16,c8299a5c-041a-4202-9420-131931deac12,Toyota,Camry,203-301 hp,182-267 lb-ft,8-speed automatic,FWD,26-34 mpg,4,"$25,045-$35,130",2018-2021,Sedan,2.5L 4-cylinder / 3.5L V6,4 / 6,7,Diesel,"['white', 'blue', 'silver', 'grey', 'yellow', 'silver']"
17,ed274a64-f613-4e70-acec-bb35794feada,Toyota,Corolla,169 hp,151 lb-ft,Continuously variable-speed automatic,FWD,30-33 mpg,4,"$20,025-$25,725",2019-2021,Sedan,2.0L 4-cylinder,4,5,Petrol,"['red', 'black', 'green']"
18,f518135c-8dc8-45c1-b042-87ed4cea2040,Toyota,RAV4,203-219 hp,184-265 lb-ft,8-speed automatic,FWD / AWD,27-40 mpg,4,"$26,250-$37,330",2019-2021,SUV,2.5L 4-cylinder,4,5,Diesel,"['blue', 'black', 'silver', 'yellow', 'silver', 'brown']"
19,e485b77e-51de-4eab-adfc-62885b082ab0,Toyota,Highlander,295-295 hp,263-263 lb-ft,8-speed automatic,FWD / AWD,21-36 mpg,4,"$35,085-$47,230",2019-2021,SUV,3.5L V6,6,5,Petrol,"['silver', 'green', 'brown']"
20,1a7ec113-eac5-4a56-8a77-04bd02fca57d,Toyota,4Runner,270 hp,278 lb-ft,5-speed automatic,RWD / 4WD,16-19 mpg,4,"$36,765-$50,745",2018-2021,SUV,4.0L V6,6,5,Diesel,"['silver', 'green', 'brown']"
21,7d09e741-c156-4ffe-9377-68d10eb5ac7e,Toyota,Tacoma,159-278 hp,180-265 lb-ft,6-speed automatic / 6-speed manual,RWD / 4WD,18-23 mpg,2 / 4,"$26,150-$46,780",2019-2021,Pickup truck,2.7L 4-cylinder / 3.5L V6,4 / 6,5,Diesel,"['red', 'white', 'silver', 'grey', 'yellow', 'brown']"
22,ba6a2fba-00db-4732-991e-e7f02afbc3d2,Toyota,Tundra,381 hp,401 lb-ft,6-speed automatic,RWD / 4WD,13-17 mpg,2 / 4,"$33,675-$51,995",2018-2021,Pickup truck,5.7L V8,8,2,Petrol,"['white', 'blue', 'black', 'grey', 'green', 'yellow']"
23,bbc5b475-3a02-45c6-9954-d90356580c19,Ford,Mustang,310-760 hp,350-625 lb-ft,6-speed manual/10-speed automatic,RWD,16-21 mpg city / 24-32 mpg highway,2,"$28,450-$61,600",2015-2021,Coupe/Convertible,Gas V6/V8,4/6/2008,2,Diesel,"['blue', 'black', 'silver', 'yellow', 'brown']"
24,945e3c34-8a46-400f-9a53-2c7827969c31,Ford,F-150,290-450 hp,265-510 lb-ft,6-speed automatic/10-speed automatic,RWD/4WD,16-20 mpg city / 22-26 mpg highway,2/4,"$28,940-$70,825",2015-2021,Pickup Truck,"Gas V6/V8, Diesel V6",6/8,5,CNG,"['red', 'black', 'silver', 'grey']"
25,f9e53d37-5464-4dd0-b56c-9c9cc4bbeac0,Ford,Explorer,300-400 hp,310-415 lb-ft,10-speed automatic,FWD/AWD,18-21 mpg city / 24-28 mpg highway,4,"$33,860-$54,365",2015-2021,SUV,"Gas I4/V6, Hybrid V6",4/6,2,CNG,['blue']
26,d588368e-1c62-42f2-91ae-653acbfb33ce,Ford,Escape,181-250 hp,190-280 lb-ft,8-speed automatic,FWD/AWD,23-26 mpg city / 31-34 mpg highway,4,"$26,130-$40,395",2015-2021,SUV,"Gas I3/I4, Hybrid I4",3/4,7,Diesel,"['black', 'silver', 'grey', 'green', 'silver']"
27,116cc92c-c928-4b57-9585-cf13d313d479,Ford,Edge,250-335 hp,275-380 lb-ft,8-speed automatic,FWD/AWD,21-22 mpg city / 28-29 mpg highway,4/5,"$32,250-$43,400",2015-2021,SUV,Gas I4/V6,4/6,2,Diesel,"['blue', 'silver', 'grey', 'silver']"
28,d22f1679-78a7-424b-8394-f4526cbd5138,Ford,Ranger,270 hp,310 lb-ft,10-speed automatic,RWD/4WD,21-23 mpg city / 26-26 mpg highway,4,"$24,820-$42,660",2019-2021,Pickup Truck,Gas I4,4,2,Diesel,"['red', 'white', 'silver', 'grey', 'brown']"
29,e96aced5-deb0-4726-8aaa-f297a47ba333,Ford,Bronco Sport,181-245 hp,190-275 lb-ft,8-speed automatic,4WD,23-25 mpg city / 28-32 mpg highway,4,"$26,820-$38,160",2021,SUV,Gas I3/I4,3/4,5,CNG,"['red', 'black', 'silver', 'silver']"
30,74870ce4-9b14-4bb8-9157-c27ec2060dc6,Chevrolet,Camaro,275-650,295-650,"Manual, Automatic",RWD,16-23 mpg,2,"$25,000-$72,000",2010-2021,Coupe,Gas,"4, 6, 2008",5,Petrol,"['red', 'black', 'grey', 'yellow']"
31,866fb3cb-5342-4a2e-a707-aed099d1cfd7,Chevrolet,Corvette,490-755,465-715,"Manual, Automatic",RWD,15-23 mpg,2,"$60,000-$125,000",1953-2021,"Coupe, Convertible",Gas,"6, 8",4,Diesel,"['black', 'silver', 'green', 'silver', 'brown']"
32,388d1fe1-b756-4bcb-b1ec-a1182915f199,Chevrolet,Spark,98,94,CVT,FWD,30-33 mpg,4,"$13,400-$16,800",2013-2021,Hatchback,Gas,4,2,Diesel,"['red', 'white', 'black', 'silver', 'brown']"
33,5662d272-24a2-4369-95ac-57ed7c8fc7c4,Chevrolet,Bolt EV,200,266,Electric,FWD,118 mpg-e,4,"$36,500-$41,700",2017-2021,Hatchback,Electric,,5,Diesel,"['white', 'silver', 'yellow', 'brown']"
34,719ffcf5-4ba3-45b5-808d-e201fa9627d2,Chevrolet,Equinox,170-252,203-260,Automatic,FWD/AWD,22-28 mpg,4/5,"$25,000-$35,000",2005-2021,SUV,Gas,"4, 6",4,Petrol,"['red', 'white', 'blue', 'grey', 'green', 'yellow', 'silver', 'brown']"
35,623091c2-fa9d-48e5-90bb-be072d4d0b82,Chevrolet,Suburban,355,383,Automatic,RWD/4WD,15-20 mpg,4/5/6/8,"$51,700-$76,000",1935-2021,SUV,Gas,"6, 8",2,Petrol,"['red', 'blue', 'grey', 'green']"
36,2ef10378-0fdb-4e5c-b227-14943e1fe8e9,Chevrolet,Tahoe,355-420,383-460,Automatic,RWD/4WD,15-22 mpg,4/5/6/8,"$49,000-$75,000",1995-2021,SUV,Gas,"6, 8",5,CNG,"['grey', 'green', 'yellow', 'silver']"
37,c99993be-f7c3-42fb-9df2-9389b183429a,Chevrolet,Silverado 1500,285-420,305-460,Automatic,RWD/4WD,16-23 mpg,2/4,"$28,000-$60,000",1999-2021,Truck,Gas,"6, 8",2,CNG,"['black', 'grey', 'silver', 'brown']"
38,3dedb7a4-898f-4f89-b0dd-84b235f6852b,Chevrolet,Colorado,200-308,191-369,"Manual, Automatic",RWD/4WD,17-22 mpg,2/4,"$26,000-$45,000",2004-2021,Truck,"Gas, Diesel","4, 5, 2006",7,CNG,"['blue', 'black', 'silver', 'grey', 'green']"
39,42126f19-3da1-4dba-88ec-9f9a52e9a59e,Chevrolet,Silverado HD (2500/3500),401-445,464-910,Automatic,RWD/4WD,13-20 mpg,2/4/2005,,,,,,7,Diesel,"['white', 'yellow', 'brown']"
40,45b0173c-413c-4e65-a5ea-6b5a9fb8a7a0,Nissan,Altima,188-248,180-273,CVT,FWD,28-32 mpg,4,"$25,225-$36,550",2019-2022,Sedan,Gas,4,2,Diesel,"['red', 'black', 'green', 'silver', 'brown']"
41,bb474a33-48c9-4da1-9aef-b726912de54b,Nissan,Maxima,300,261,CVT,FWD,23-26 mpg,4,"$37,240-$44,030",2019-2022,Sedan,Gas,6,5,Petrol,"['red', 'blue', 'black', 'yellow']"
42,facc93d1-ee66-4792-8c7a-622ef150faa4,Nissan,Sentra,149-188,146-180,CVT,FWD,28-33 mpg,4,"$20,460-$24,940",2019-2022,Sedan,Gas,4,5,Petrol,"['white', 'black', 'grey', 'yellow', 'silver']"
43,7aef1518-9cc8-40cc-a4f0-b3a880bc0ae2,Nissan,Versa,122,114,CVT,FWD,32-35 mpg,4,"$15,650-$18,340",2019-2022,Sedan,Gas,4,5,Diesel,"['white', 'black', 'silver', 'grey', 'yellow']"
44,634177e6-ffb6-48dc-94d8-2b52048dc712,Nissan,Rogue,181,181,CVT,FWD or AWD,27-30 mpg,4,"$26,980-$34,430",2019-2022,SUV,Gas,4,4,Diesel,"['white', 'blue', 'black', 'silver', 'green', 'yellow', 'brown']"
45,3e1abb5b-d36a-4fe6-b1de-7c0f7ad8a303,Nissan,Murano,260,240,CVT,FWD or AWD,20-24 mpg,4,"$32,610-$45,030",2019-2022,SUV,Gas,6,5,Petrol,"['white', 'blue', 'black', 'silver', 'green']"
46,fbfd9b37-1339-4e09-81db-ea1af7ff376d,Nissan,Pathfinder,284-284,259-259,9-speed automatic,FWD or AWD,20-24 mpg,4,"$32,940-$45,340",2019-2022,SUV,Gas,6,5,Petrol,"['red', 'white', 'blue', 'black', 'silver', 'grey', 'green']"
47,7302d999-be0d-4632-b18f-7cf194fd8cba,Nissan,Armada,390,394,7-speed automatic,RWD or AWD,13-16 mpg,4,"$52,300-$69,050",2019-2022,SUV,Gas,8,2,Diesel,"['white', 'black', 'green', 'yellow', 'brown']"
48,75e11383-3367-4ec7-97d4-9bddd751b75d,Nissan,GT-R,565-600,467-481,6-speed automatic,AWD,16-20 mpg,2,"$113,540-$210,740",2019-2022,Sports Car,Gas,6,2,Diesel,"['red', 'white', 'blue', 'black', 'grey', 'green', 'yellow', 'brown']"
49,ef83008c-c65e-427f-b1d5-742b03e5879f,BMW,X1 sDrive28i,228 hp,258 lb-ft,8-speed Automatic,FWD,26/33 mpg,4,"$35,400",2020-2022,SUV,Turbocharged Gas I4,4,4,Diesel,"['black', 'grey', 'brown']"
50,d3d8db77-f608-441f-b149-a4e387cb0ffc,BMW,X3 xDrive30i,248 hp,258 lb-ft,8-speed Automatic,AWD,23/29 mpg,4,"$43,000",2020-2022,SUV,Turbocharged Gas I4,4,4,CNG,"['red', 'white', 'silver']"
51,50c38ee7-f874-48c5-808b-8652b9a671b3,BMW,X5 xDrive40i,335 hp,330 lb-ft,8-speed Automatic,AWD,21/26 mpg,4,"$60,700",2020-2022,SUV,Turbocharged Gas I6,6,7,Diesel,"['red', 'white', 'black', 'silver', 'green', 'brown']"
52,8e10d5be-4d53-415d-bf2a-6d48f42b5932,BMW,330i Sedan,255 hp,295 lb-ft,8-speed Automatic,RWD,26/36 mpg,4,"$42,250",2020-2022,Sedan,Turbocharged Gas I4,4,5,Petrol,"['red', 'blue', 'black', 'silver', 'yellow', 'brown']"
53,bf6bc1d2-58dc-4a00-8c38-9f1d8d99046c,BMW,530i Sedan,248 hp,258 lb-ft,8-speed Automatic,RWD,24/34 mpg,4,"$56,400",2020-2022,Sedan,Turbocharged Gas I4,4,4,Petrol,"['red', 'white', 'blue', 'grey']"
54,9daa298c-0def-476e-8ac0-a1f245fbcc18,BMW,740i Sedan,335 hp,330 lb-ft,8-speed Automatic,RWD,22/29 mpg,4,"$86,800",2020-2022,Sedan,Turbocharged Gas I6,6,4,CNG,"['white', 'blue', 'black', 'grey', 'green']"
55,a7956db0-add6-477b-924b-27c6233b0d6b,BMW,M4 Coupe,473 hp,406 lb-ft,6-speed Manual,RWD,16/23 mpg,2,"$73,100",2020-2022,Coupe,Twin-Turbocharged Gas I6,6,7,Petrol,"['red', 'black', 'grey', 'green', 'silver']"
56,59870adf-511b-4c44-a7cd-acab74f88b10,BMW,M8 Convertible,600 hp,553 lb-ft,8-speed Automatic,AWD,15/21 mpg,2,"$142,500",2020-2022,Convertible,Twin-Turbocharged Gas V8,8,7,Petrol,"['red', 'white', 'blue', 'black', 'silver', 'grey', 'green']"
57,093f50f5-6866-44e1-be5a-99f203494cdb,Mercedes-Benz,C-Class,255 hp,273 lb-ft,9-speed automatic,RWD,24/35 mpg,4,"$43,200",2022,Sedan,Inline-4,4,4,CNG,"['white', 'blue', 'silver', 'yellow', 'silver']"
58,62e65046-116f-493a-9d54-0419ee7f278e,Mercedes-Benz,E-Class,255 hp,273 lb-ft,9-speed automatic,RWD,22/31 mpg,4,"$55,300",2022,Sedan,Inline-4,4,5,Diesel,"['red', 'blue', 'black', 'silver', 'grey', 'yellow']"
59,15f0000f-5185-412e-9f04-5195fd389913,Mercedes-Benz,S-Class,429 hp,384 lb-ft,9-speed automatic,AWD,16/24 mpg,4,"$109,800",2022,Sedan,V-8,8,7,Diesel,"['black', 'green', 'yellow']"
60,9cb8be4c-0b7d-4734-91ab-77ee3e757200,Mercedes-Benz,G-Class,416 hp,450 lb-ft,9-speed automatic,AWD,13/17 mpg,4,"$131,750",2022,SUV,V-8,8,2,CNG,['grey']
61,cbf64d2a-d12f-4462-935e-d6794368ffc0,Mercedes-Benz,GLC-Class,255 hp,273 lb-ft,9-speed automatic,RWD,22/29 mpg,4,"$43,200",2022,SUV,Inline-4,4,4,Diesel,"['red', 'white']"
62,7b2206bc-1a9c-4ff9-8462-c806e2d1f87b,Audi,A3,184 hp,221 lb-ft,7-speed auto-shift manual,Front-wheel drive,28/36 mpg,4 doors,"$33,300",2019-present,Sedan,2.0 L 4-cylinder,4,5,Petrol,"['red', 'white', 'blue', 'silver', 'grey', 'yellow', 'silver', 'brown']"
63,1e20a926-42cc-47ba-8bf1-9fd89bcb6a86,Audi,A4,201 hp,236 lb-ft,7-speed auto-shift manual,All-wheel drive,24/31 mpg,4 doors,"$39,100",2016-present,Sedan,2.0 L 4-cylinder,4,5,Diesel,"['red', 'white', 'black', 'silver', 'green', 'brown']"
64,c59e41fa-40bd-47c0-9bb0-982285beaf4b,Audi,A5,261 hp,273 lb-ft,7-speed auto-shift manual,All-wheel drive,24/31 mpg,2 doors,"$44,000",2018-present,Coupe,2.0 L 4-cylinder,4,2,Diesel,"['blue', 'silver', 'grey', 'green', 'yellow', 'brown']"
65,b3da992a-e3d8-4ac9-940a-b33028cbc503,Audi,Q3,228 hp,258 lb-ft,8-speed automatic,All-wheel drive,19/27 mpg,4 doors,"$36,000",2019-present,SUV,2.0 L 4-cylinder,4,4,Petrol,"['grey', 'green', 'brown']"
66,f4c3b669-7692-4640-8978-89d4f683d8eb,Audi,Q5,261 hp,273 lb-ft,7-speed auto-shift manual,All-wheel drive,22/27 mpg,4 doors,"$44,100",2018-present,SUV,2.0 L 4-cylinder,4,7,Diesel,"['red', 'white', 'silver', 'grey', 'yellow']"
67,e2fe196d-2e01-4104-b678-fb3f4fbc74a3,Audi,Q7,248 hp,273 lb-ft,8-speed automatic,All-wheel drive,19/23 mpg,4 doors,"$54,950",2017-present,SUV,2.0 L 4-cylinder,4,2,CNG,"['red', 'white', 'blue', 'grey', 'yellow', 'silver']"
68,a8331c36-3a27-4b12-bf32-c40168c463bc,Volkswagen,Golf,110-292,147-295,"Automatic, Manual","FWD, AWD",23-34 mpg,"2, 4","$23,195",1974-2022,Hatchback,"Gas, Diesel","4, 6",7,Petrol,"['white', 'blue', 'black', 'silver', 'green', 'brown']"
69,a5e82a0c-ea65-4cd8-a328-71224158ea10,Volkswagen,Jetta,147-228,184-258,"Automatic, Manual",FWD,25-36 mpg,4,"$18,995",1980-2022,Sedan,Gas,"4, 6",2,CNG,"['white', 'black', 'green', 'silver']"
70,6945b69b-0599-449a-94dc-c23a142e12f1,Volkswagen,Passat,174-276,206-295,"Automatic, Manual",FWD,23-34 mpg,"4, 5","$24,990",1973-2022,Sedan,"Gas, Diesel","4, 6, 2008",7,CNG,"['blue', 'black', 'silver', 'green', 'yellow', 'silver', 'brown']"
71,3639705d-199a-4cd2-a586-b9e1221fc892,Volkswagen,Atlas,235-276,258-266,Automatic,"FWD, AWD",18-22 mpg,"4, 5, 2007","$31,545",2018-2022,SUV,"Gas, Hybrid","4, 6, 2008",4,CNG,"['red', 'grey', 'yellow', 'brown']"
72,6d364576-f82d-4e1e-8662-30c3cb571531,Volkswagen,Tiguan,184-268,221-258,Automatic,"FWD, AWD",21-29 mpg,"4, 5, 2007","$25,245",2007-2022,SUV,Gas,"4, 6",4,Petrol,"['silver', 'green', 'yellow', 'brown']"
73,3bfd6560-cf27-470e-a384-a98e0b034111,Porsche,718 Boxster,300 hp,280 lb-ft,6-speed manual,RWD,21/28 mpg,2,"$62,000",2017-2021,Convertible,Turbocharged flat-4,4,4,Petrol,"['blue', 'silver', 'grey', 'green', 'yellow', 'silver']"
74,9d663c6e-1956-435e-b145-6c743b2fc3e0,Porsche,718 Cayman,300 hp,280 lb-ft,6-speed manual,RWD,21/28 mpg,2,"$61,500",2017-2021,Coupe,Turbocharged flat-4,4,5,Petrol,"['red', 'white', 'blue', 'silver', 'grey', 'yellow', 'brown']"
75,93718f5b-2685-4633-82b0-0cc69b61218a,Porsche,911,379 hp,331 lb-ft,8-speed PDK,AWD,20/29 mpg,2,"$101,200",2020-2021,Coupe/Convertible,Twin-turbocharged flat-6,6,2,CNG,"['red', 'white', 'black']"
76,7883a32f-6ef2-4026-8d9c-16be00eec0bc,Porsche,Panamera,325 hp,331 lb-ft,8-speed PDK,AWD,21/27 mpg,4,"$87,200",2020-2021,Sedan,Turbocharged V6,6,7,Petrol,['grey']
77,53290007-5216-4712-a5aa-c9b62ff40e3e,Porsche,Cayenne,335 hp,332 lb-ft,8-speed Tiptronic S,AWD,19/23 mpg,4,"$67,500",2020-2021,SUV,Turbocharged V6,6,7,Diesel,"['silver', 'grey', 'yellow', 'silver', 'brown']"
78,e8196cb2-534e-4fc4-a603-47d514aaae84,Porsche,Macan,248 hp,273 lb-ft,7-speed PDK,AWD,19/23 mpg,4,"$52,100",2020-2021,SUV,Turbocharged inline-4,4,4,Petrol,"['silver', 'green', 'brown']"
79,0eb91622-cb57-4c97-9266-5eedf6eaf30b,Rolls-Royce,Ghost,563,605 lb-ft,8-Speed Automatic,RWD,18 MPG,4,"$332,500",2010-2021,Sedan,V12,12,2,Petrol,"['silver', 'grey', 'yellow', 'silver']"
80,aab4a47d-29bb-4f92-9e2c-c80066a5f01f,Rolls-Royce,Wraith,624,590 lb-ft,8-Speed Automatic,RWD,14 MPG,2,"$338,700",2014-2021,Coupe,V12,12,4,CNG,"['red', 'blue', 'silver', 'green', 'silver', 'brown']"
81,6d829158-b8fd-45f5-a5be-b55d52f0b7ac,Rolls-Royce,Dawn,563,605 lb-ft,8-Speed Automatic,RWD,18 MPG,4,"$346,300",2016-2021,Convertible,V12,12,4,Petrol,"['red', 'black', 'grey', 'green']"
82,e588f594-7e73-4abc-b26a-4295e239ff4a,Rolls-Royce,Phantom,563,664 lb-ft,8-Speed Automatic,RWD,14 MPG,4,"$455,000",2004-2021,Sedan,V12,12,5,CNG,"['red', 'blue', 'grey', 'yellow', 'brown']"
83,9b15a992-5c27-437e-a6f0-2ed6175e05e1,Rolls-Royce,Cullinan,563,627 lb-ft,8-Speed Automatic,AWD,14 MPG,4,"$341,125",2019-2021,SUV,V12,12,2,Petrol,"['white', 'blue', 'silver']"
84,e9dfbb08-fd07-4bd1-99ec-c22f65c58b7f,McLaren,540C,533 hp,398 lb-ft,7-speed automatic,RWD,22 mpg combined,2,"$160,000",2016-2018,Coupe,V8,8,2,Petrol,"['blue', 'silver', 'grey', 'green', 'silver']"
85,b9e57d81-886e-4037-86fd-34da252ad699,McLaren,570S,562 hp,443 lb-ft,7-speed automatic,RWD,21 mpg combined,2,"$192,500",2016-2018,Coupe,V8,8,5,Petrol,"['red', 'white', 'blue', 'silver', 'silver', 'brown']"
86,ab2f61a9-8a93-419c-bb73-7e37c6b3c219,McLaren,570GT,562 hp,443 lb-ft,7-speed automatic,RWD,20 mpg combined,2,"$202,950",2017-2018,Coupe,V8,8,4,Diesel,"['grey', 'green', 'yellow', 'brown']"
87,9668c2e7-c30c-451c-a0c7-8ee7c5cbd555,McLaren,600LT,592 hp,457 lb-ft,7-speed automatic,RWD,19 mpg combined,2,"$242,500",2019,Coupe,V8,8,2,Petrol,"['blue', 'silver', 'grey', 'yellow', 'silver', 'brown']"
88,19707683-29d7-4cf8-989c-a5d720d15996,McLaren,720S,710 hp,568 lb-ft,7-speed automatic,RWD,18 mpg combined,2,"$299,000",2018-2020,Coupe,V8,8,4,Diesel,"['white', 'silver', 'grey', 'yellow', 'silver']"
89,dd834856-b3a1-4e0e-a41b-b13de6109ffb,McLaren,Artura,671 hp,531 lb-ft,8-speed automatic,RWD,21 mpg combined,2,"$225,000",2022- present,Coupe,V6,6,2,Petrol,"['red', 'blue', 'black', 'silver', 'brown']"
90,5202db10-96ef-44a3-a658-2b4e4af1de6a,Lexus,ES,203-302,184-267 lb-ft,Automatic,FWD,25-44 mpg,4,"$39,900-$48,900",1989-Present,Sedan,Gas/Electric,4/6,7,CNG,"['red', 'white', 'black', 'silver', 'green', 'yellow', 'silver']"
91,5573acc0-7e23-44dc-9b9d-ff624b68853e,Lexus,IS,241-311,258-280 lb-ft,Automatic,RWD/AWD,22-32 mpg,4,"$39,050-$45,100",1998-Present,Sedan,Gas,4/6,4,CNG,"['white', 'blue', 'black', 'silver', 'green', 'yellow']"
92,44e8a7b6-2488-47e9-93a3-5eb596d68fa8,Lexus,GS,241-311,258-280 lb-ft,Automatic,RWD/AWD,20-28 mpg,4,"$51,065-$52,760",1993-2020,Sedan,Gas,6/8,4,Petrol,"['white', 'black', 'silver', 'grey', 'yellow', 'silver', 'brown']"
93,e61517c6-12f4-4f9f-ac02-ee452c78e6ba,Lexus,LS,416-471,442-398 lb-ft,Automatic,RWD/AWD,18-28 mpg,4,"$76,000-$82,825",1989-Present,Sedan,Gas/Hybrid,6/8,5,Petrol,"['white', 'blue', 'silver']"
94,9943e44a-61bc-4a20-8958-443bc0f509d3,Lexus,UX,169-181,151-151 lb-ft,CVT,FWD/AWD,29-39 mpg,4,"$32,900-$40,900",2019-Present,SUV,Gas/Hybrid,4,2,Diesel,"['red', 'white', 'black', 'silver', 'yellow', 'silver', 'brown']"
95,d0134836-c257-461d-8f29-0a5a1e8bf975,Lexus,NX,235-239,258 lb-ft,Automatic,FWD/AWD,22-33 mpg,4,"$38,935-$47,770",2015-Present,SUV,Gas/Hybrid,4,4,Diesel,"['red', 'silver', 'silver', 'brown']"
96,e73d526c-f68b-4da7-afff-f74dca4be222,Lexus,RX,290-308,263-268 lb-ft,Automatic,FWD/AWD,19-31 mpg,4/5,"$45,070-$50,620",1998-Present,SUV,Gas/Hybrid,6/8,2,Petrol,"['silver', 'green', 'yellow']"
97,b06d3933-ec49-40b1-a0a4-2e790cba8b44,Lexus,GX,301,329 lb-ft,Automatic,4WD,15-18 mpg,4/5,"$54,225-$64,365",2003-Present,SUV,Gas,8,5,Diesel,"['white', 'blue', 'black', 'silver', 'green', 'yellow']"
98,482cda53-1d6e-4e25-af23-8ac846b88d1f,Lexus,LX,383,403 lb-ft,Automatic,4WD,12-16 mpg,4/5,"$89,080-$99,710",1996-Present,SUV,Gas,8,5,Diesel,"['red', 'white', 'black', 'grey', 'green', 'brown']"
99,0c8f5332-9ecc-4047-93d0-f3348083c000,Hyundai,Elantra,147 - 201,132 - 195,"Manual, Automatic, CVT",FWD,33/43 mpg,4,"$19,650 - $28,100",2017 - 2022,Sedan,Inline-4,4,2,Petrol,"['white', 'blue', 'black', 'grey', 'green']"
100,9744815b-5dbd-408f-8432-9953ae1489ce,Hyundai,Sonata,191 - 290,181 - 311,"Automatic, Dual-Clutch","FWD, AWD",25/38 mpg,4,"$24,100 - $34,850",2018 - 2022,Sedan,"Inline-4, Inline-4 Hybrid, Inline-6","4, 6",7,Diesel,"['white', 'grey', 'yellow', 'silver']"
101,81c09d9d-4ab5-469e-9c42-37093e296cd0,Hyundai,Tucson,161 - 181,150 - 175,"Automatic, Dual-Clutch","FWD, AWD",23/33 mpg,4,"$24,950 - $37,350",2016 - 2022,SUV,"Inline-4, Inline-4 Hybrid",4,4,CNG,"['red', 'blue', 'black', 'silver', 'grey', 'green']"
102,0e6c406c-c417-405f-b8bd-cc29ae4fc949,Hyundai,Santa Fe,191 - 277,181 - 311,"Automatic, Dual-Clutch","FWD, AWD",21/28 mpg,4,"$28,025 - $43,200",2019 - 2022,SUV,"Inline-4, Inline-4 Hybrid, V6","4, 6",4,Petrol,"['blue', 'black', 'yellow', 'silver']"
103,e29433d1-85ed-4960-a80a-3229d3610737,Hyundai,Kona,147 - 195,132 - 195,"Automatic, Dual-Clutch","FWD, AWD",26/30 mpg,4,"$20,500 - $29,400",2018 - 2022,SUV,"Inline-4, Inline-4 EV",4,7,Petrol,"['red', 'white', 'silver', 'yellow']"
104,cc4c9a71-e11e-4a84-9569-daff1df0e122,Hyundai,Accent,120,113,CVT,FWD,33/41 mpg,4,"$17,900",2019-2021,Sedan,Gas,4,5,Petrol,"['white', 'blue', 'green', 'silver', 'brown']"
105,cb0f0b14-2823-44a1-9cbe-a34961fefd87,Hyundai,Palisade,291,262,8-speed automatic,FWD,19/26 mpg,4,"$33,700",2022,SUV,Gas,6,2,CNG,"['white', 'blue', 'black', 'silver', 'grey', 'yellow', 'silver', 'brown']"
106,842c8c9f-263a-443a-a291-93498e7aa8d3,Kia,Forte,147 hp,132 lb-ft,CVT or 6-speed manual,FWD,31/41 mpg,4,"$17,890 - $28,390",2019 - 2022,Sedan,2.0L 4-cylinder or 1.6L turbocharged 4-cylinder,4,2,Diesel,"['silver', 'grey', 'yellow', 'brown']"
107,2ad8e405-b02f-4530-aa9e-ec52c61088a7,Kia,Optima,185 hp - 290 hp,178 lb-ft - 311 lb-ft,6-speed automatic or 7-speed dual-clutch,FWD or AWD,24/33 mpg - 27/37 mpg,4,"$24,355 - $32,790",2019 - 2021,Sedan,"2.4L 4-cylinder, 1.6L turbocharged 4-cylinder, or 2.0L turbocharged 4-cylinder",4,2,CNG,"['black', 'silver', 'green', 'brown']"
108,e5d218c9-8e22-41c5-8dfd-b600d9eca25e,Kia,Stinger,255 hp - 368 hp,260 lb-ft - 376 lb-ft,8-speed automatic,RWD or AWD,17/25 mpg - 22/29 mpg,4,"$36,090 - $53,250",2018 - 2022,Sedan,2.0L turbocharged 4-cylinder or 3.3L twin-turbocharged V6,4 or 6,2,CNG,"['red', 'blue', 'black', 'green', 'yellow', 'silver', 'brown']"
109,1acdfa14-8d96-445e-b8cb-8c3c3faaea6a,Kia,Sorento,191 hp - 281 hp,181 lb-ft - 311 lb-ft,6-speed automatic or 8-speed automatic,FWD or AWD,21/29 mpg - 22/29 mpg,4 or 5,"$29,390 - $42,590",2019 - 2022,SUV,"2.4L 4-cylinder, 2.5L turbocharged 4-cylinder, or 3.3L V6",4 or 6,7,CNG,"['red', 'white', 'blue']"
110,567571ff-3292-4d38-96b7-64f1ad31ae3c,Kia,Soul,147 hp - 201 hp,132 lb-ft - 195 lb-ft,"6-speed manual, CVT, or 7-speed dual-clutch",FWD,27/33 mpg - 29/35 mpg,4,"$19,190 - $28,350",2020 - 2022,Hatchback,2.0L 4-cylinder or 1.6L turbocharged 4-cylinder,4,2,Petrol,"['red', 'black', 'green', 'yellow', 'silver']"
111,8518acbc-51d3-4b32-9afa-e6f39f911489,Kia,Telluride,291 hp,262 lb-ft,8-speed automatic,FWD or AWD,19/26 mpg - 20/27 mpg,4 or 5,"$32,790 - $47,390",2020 - 2022,SUV,3.8L V6,6,2,Petrol,"['white', 'blue', 'black', 'silver', 'brown']"
112,da7d92dc-ea67-42f2-8878-d91e88d66580,Mazda,MX-5,181,151,Manual,RWD,29/34 mpg,2,"$26,830",2019-2022,Convertible,Gasoline,4,2,Diesel,"['yellow', 'silver', 'brown']"
113,13d22897-8806-4805-944b-b620f7e59a9d,Mazda,Mazda3,155-250,150-320,"Automatic, Manual","FWD, AWD",26-36 mpg,"4, 5","$20,650",2019-2022,"Sedan, Hatchback",Gasoline,"4, 6",2,Petrol,"['white', 'black', 'grey', 'green', 'yellow', 'silver', 'brown']"
114,f682cdc4-a52a-4454-9b14-3617869eeaba,Mazda,Mazda6,187-250,186-310,"Automatic, Manual",FWD,23-31 mpg,"4, 5","$24,325",2019-2022,Sedan,Gasoline,"4, 6",4,CNG,"['blue', 'black', 'silver', 'grey', 'green', 'yellow', 'silver']"
115,3ecb4c8c-626a-4f42-9a74-54e6286fe164,Mazda,CX-3,146,146,Automatic,"FWD, AWD",29-34 mpg,4,"$20,640",2019-2022,SUV,Gasoline,4,5,CNG,"['blue', 'silver', 'green', 'silver', 'brown']"
116,ba233813-abb1-440b-abf0-8a80394ce63d,Mazda,CX-5,187-227,186-310,Automatic,"FWD, AWD",24-31 mpg,"4, 5","$25,270",2019-2022,SUV,Gasoline,"4, 6",7,Diesel,"['red', 'white', 'silver', 'green', 'silver']"
117,af6ea01f-c518-471f-95bb-a7191bc816fb,Mazda,CX-9,227-250,310,Automatic,"FWD, AWD",22-26 mpg,"4, 6, 2007","$35,060",2019-2022,SUV,Gasoline,"4, 6",7,Diesel,"['black', 'silver', 'yellow', 'silver', 'brown']"
118,05c27ce2-6676-45e9-8148-66761ca21b31,Subaru,Ascent,260 hp,277 lb-ft,CVT,AWD,23/27 mpg,4,"$32,295",2019-2022,SUV,H4,4,2,Diesel,"['grey', 'yellow', 'silver', 'brown']"
119,ce748c8b-c474-4612-b830-a1e2b310bb69,Subaru,Impreza,152 hp,145 lb-ft,5-speed manual,AWD,24/31 mpg,4/5,"$18,795",2019-2022,Hatchback,H4,4,4,Diesel,"['black', 'silver', 'yellow']"
120,b2f6a0ae-7378-4f62-a06c-beb5bd8b8f2b,Subaru,Legacy,182 hp,176 lb-ft,CVT,AWD,27/35 mpg,4/5,"$22,995",2019-2022,Sedan,H4,4,2,CNG,"['white', 'black', 'yellow']"
121,e0d6fdd9-4846-496d-82a0-803ed3a366ea,Subaru,Outback,182 hp,176 lb-ft,CVT,AWD,26/33 mpg,4/5,"$26,795",2019-2022,Wagon/SUV,H4,4,4,Diesel,"['red', 'white', 'silver', 'green', 'silver', 'brown']"
122,2479aa0a-26e2-473a-be9e-f18afc1ec20d,Subaru,BRZ,205 hp,156 lb-ft,6-speed manual,RWD,21/29 mpg,2,"$28,845",2019-2022,Coupe,H4,4,5,Petrol,"['white', 'black', 'grey', 'green', 'yellow', 'silver']"
123,a6c2ac8b-50a4-4d73-ad95-61726f64f8ba,Subaru,WRX,268 hp,258 lb-ft,6-speed manual,AWD,20/27 mpg,4,"$27,495",2019-2022,Sedan,H4,4,5,Diesel,"['red', 'silver']"
124,f2207be2-31ce-4172-aa86-dfc2a2bd0f82,Subaru,Crosstrek,152 hp,145 lb-ft,CVT,AWD,27/34 mpg,4/5,"$22,245",2019-2022,Wagon/SUV,H4,4,5,Petrol,"['blue', 'black', 'silver', 'grey', 'brown']"
125,bcc1b08f-1054-4954-8d26-3e5099eb7095,Subaru,Crosstrek Hybrid,137 hp (gasoline engine) 118 hp (electric motor),134 lb-ft,CVT,AWD,35/90 mpg,4/5,"$36,395",2019-2022,Wagon/SUV,H4,4,4,Diesel,"['red', 'white', 'silver', 'grey', 'green', 'yellow', 'silver']"
126,05c47c83-0bd5-4eb8-adde-e2521f9278fe,Mitsubishi,Outlander,166 hp,162 lb-ft,CVT,"FWD, AWD",27/30 mpg,4,"$26,570 - $34,420",2014 - Present,SUV,2.4L I4,4,4,Diesel,"['blue', 'brown']"
127,07350150-3e5b-4673-8c84-5463c6486b8c,Mitsubishi,Eclipse Cross,152 hp,184 lb-ft,CVT,"FWD, AWD",25/28 mpg,4,"$24,590 - $31,490",2018 - Present,SUV,1.5L I4,4,2,Diesel,"['red', 'white', 'silver', 'green', 'yellow', 'silver', 'brown']"
128,384534c4-aa9e-4ba9-a0ef-141bceacec53,Mitsubishi,Mirage,78 hp,74 lb-ft,CVT,FWD,36/43 mpg,4,"$14,295 - $16,995",2014 - Present,Hatchback,1.2L I3,3,5,Diesel,"['red', 'white', 'grey', 'green', 'silver']"
129,00aaf95f-4f7e-4f7e-884f-d09ef303a558,Mitsubishi,Mirage G4,78 hp,74 lb-ft,CVT,FWD,35/41 mpg,4,"$15,295 - $16,995",2017 - Present,Sedan,1.2L I3,3,7,Diesel,"['red', 'blue', 'black', 'silver', 'grey', 'silver']"
130,1194a4dd-2620-45a1-9674-847a7aa0d6ad,Mitsubishi,Outlander Sport,148 hp,145 lb-ft,CVT,"FWD, AWD",24/30 mpg,4,"$23,590 - $25,590",2011 - Present,SUV,2.0L I4,4,7,Petrol,"['red', 'white', 'blue', 'silver', 'grey', 'green', 'yellow', 'silver']"
131,07106607-a25e-4175-8a1d-3e847f1e4b70,Tesla,Model S,670-1020 hp,713-920 lb-ft,Single-Speed Automatic,AWD,326-402 miles per charge,4,"$79,990-$169,990",2012-2023,Sedan,Electric,0,7,Diesel,"['blue', 'black', 'green', 'silver']"
132,5ceeb53f-bf06-475d-a1de-85e770d160d4,Tesla,Model 3,283-450 hp,307-471 lb-ft,Single-Speed Automatic,RWD or AWD,263-358 miles per charge,4,"$39,990-$59,990",2017-2023,Sedan,Electric,0,2,Diesel,"['white', 'blue', 'silver']"
133,d22dd131-7d39-41f7-afa1-bdd53d2f44a1,Tesla,Model X,670-1020 hp,713-920 lb-ft,Single-Speed Automatic,AWD,299-371 miles per charge,4 or 5,"$89,990-$139,990",2015-2023,SUV,Electric,0,7,CNG,"['red', 'white', 'blue', 'black', 'silver']"
134,0bc56e21-402d-4e84-83c6-c79f6a4403b7,Tesla,Model Y,283-450 hp,307-471 lb-ft,Single-Speed Automatic,RWD or AWD,244-326 miles per charge,4 or 5,"$41,190-$63,190",2020-2023,SUV,Electric,0,5,CNG,"['red', 'silver', 'brown']"
135,ba7142bb-2670-461c-98a1-616cdabb8499,Dodge,Challenger,375-797 hp,410-470 lb-ft,8-speed automatic,RWD/AWD,19/30 mpg,2-4,"Starting at $31,490",2023-2024,Coupe,V6/V8/HEMI,6-8,5,CNG,"['white', 'black', 'silver', 'grey']"
136,544ed66b-42f3-483a-be85-85f71c31f068,Dodge,Charger,370-797 hp,395-470 lb-ft,8-speed automatic,RWD/AWD,19/30 mpg,4,"Starting at $30,290",2023-2024,Sedan,V6/V8/HEMI,6-8,4,Petrol,"['blue', 'grey', 'green', 'silver']"
137,35689832-fe8b-4612-aeb1-bd81b6bfaef9,Dodge,Durango,295-395 hp,260-410 lb-ft,8-speed automatic,RWD/4WD,17/25 mpg,5,"Starting at $33,090",2023-2024,SUV,V6/V8,6-8,5,Diesel,"['red', 'white', 'blue', 'yellow']"
138,693567f1-837b-45f5-a8f3-bfb61ab75c35,Dodge,Journey,174-292 hp,166-260 lb-ft,9-speed automatic,FWD/AWD,21/31 mpg,5,"Starting at $23,690",2023-2024,SUV,4-cylinder,4,4,Petrol,"['white', 'black', 'green', 'brown']"
139,c1e386df-f856-48c9-9d69-8a24e49dfcc2,Dodge,RAM 1500,295-410 hp,330-429 lb-ft,8-speed automatic,RWD/4WD,16/23 mpg,2-4,"Starting at $29,995",2023-2024,Truck,V6/V8,6-8,2,CNG,"['red', 'silver', 'green', 'yellow', 'silver']"
140,a67c543f-dd05-4bd3-8842-39d7f9d79dc9,Dodge,RAM 2500,350-420 hp,460-485 lb-ft,6-speed automatic,RWD/4WD,14/20 mpg,2-4,"Starting at $35,595",2023-2024,Truck,V6/V8,6-8,5,CNG,"['red', 'blue', 'silver', 'grey', 'green']"
141,ddcc4ae2-35af-4d79-9947-2b4af1dc4485,Dodge,RAM 3500,375-420 hp,460-485 lb-ft,6-speed automatic,RWD/4WD,14/20 mpg,2-4,"Starting at $39,145",2023-2024,Truck,V6/V8,6-8,7,CNG,"['red', 'white', 'grey', 'green', 'yellow']"
142,0427c3f7-b6c5-4193-b2ff-795370c8a57f,Ram,1500,295-410 hp,330-429 lb-ft,8-speed automatic,RWD/4WD,16/23 mpg,2-4,"Starting at $29,995",2023-2024,Truck,V6/V8,6-8,7,CNG,"['black', 'silver', 'green', 'silver', 'brown']"
143,853975cb-925d-4c1b-9ab7-bf9d37fbb911,Ram,2500,350-420 hp,460-485 lb-ft,6-speed automatic,RWD/4WD,14/20 mpg,2-4,"Starting at $35,595",2023-2024,Truck,V6/V8,6-8,4,Diesel,"['red', 'black', 'silver', 'grey', 'brown']"
144,748c24c0-22c7-4ae4-a580-72d91d16f8fb,Ram,3500,375-420 hp,460-485 lb-ft,6-speed automatic,RWD/4WD,14/20 mpg,2-4,"Starting at $39,145",2023-2024,Truck,V6/V8,6-8,5,Petrol,"['red', 'white', 'green', 'yellow']"
145,baaf2f11-d174-4527-8f4f-8cbf9664c042,Ram,TRX,702 hp,650 lb-ft,8-speed automatic,RWD/4WD,12/17 mpg,2-4,"Starting at $79,995",2023-2024,Truck,V8,8,4,CNG,"['red', 'grey', 'green', 'silver', 'brown']"
146,812e0366-68df-4828-9c36-6f5025b32f5b,Volvo,XC40,187 hp,221 lb-ft,8-speed automatic,FWD/AWD,23/32 mpg,5,"Starting at $33,100",2023-2024,SUV,4-cylinder,4,4,CNG,"['red', 'white', 'blue', 'silver', 'grey', 'green', 'yellow', 'brown']"
147,fb5d6e48-2d5f-4200-ba1e-6b221f1a9666,Volvo,XC60,250 hp,258 lb-ft,8-speed automatic,FWD/AWD,22/30 mpg,5,"Starting at $41,900",2023-2024,SUV,4-cylinder,4,2,Petrol,"['silver', 'grey']"
148,b57e4b0d-eb09-435f-9d2d-da08f7099294,Volvo,XC90,250 hp,295 lb-ft,8-speed automatic,FWD/AWD,19/27 mpg,5,"Starting at $49,900",2023-2024,SUV,4-cylinder,4,7,CNG,"['white', 'silver', 'brown']"
149,70e466b2-3042-4d73-8e49-3637bc5c7eee,Volvo,S60,250 hp,258 lb-ft,8-speed automatic,FWD/AWD,23/31 mpg,4,"Starting at $39,900",2023-2024,Sedan,4-cylinder,4,4,CNG,"['black', 'silver', 'green', 'yellow', 'silver', 'brown']"
150,459008f8-ab29-4f38-937d-08c9a1680c13,Volvo,V60,250 hp,258 lb-ft,8-speed automatic,FWD/AWD,23/31 mpg,5,"Starting at $41,900",2023-2024,Wagon,4-cylinder,4,4,CNG,"['red', 'black', 'green', 'silver', 'brown']"
151,739cff49-d2f6-40da-a590-845a371dddd5,Volvo,C40 Recharge,408 hp,487 lb-ft,Single-speed automatic,FWD,79 MPGe,5,"Starting at $45,900",2023-2024,SUV,Electric,0,5,Diesel,"['white', 'blue', 'grey', 'silver']"
152,d3dcbeef-4421-47f0-8a0c-6d4aac7f62e1,Volvo,XC40 Recharge,408 hp,487 lb-ft,Single-speed automatic,FWD,79 MPGe,5,"Starting at $49,900",2023-2024,SUV,Electric,0,4,Petrol,"['red', 'white', 'blue', 'black', 'silver', 'grey', 'brown']"
153,d510af53-f55e-469e-b56d-a1868981e7b4,Volvo,Polestar 2,408 hp,487 lb-ft,Single-speed automatic,RWD,87 MPGe,5,"Starting at $45,900",2023-2024,Sedan,Electric,0,5,Diesel,"['red', 'yellow', 'silver']"
154,03bd2a9b-6643-426e-978f-abf8ad0dc8ba,Land Rover,Defender,296 hp,317 lb-ft,8-speed automatic,RWD/4WD,19/24 mpg,5,"Starting at $42,250",2023-2024,SUV,4-cylinder,6,7,Petrol,"['white', 'silver', 'grey', 'silver']"
155,b46ff36f-2624-49a1-b3b3-db01eaedad46,Land Rover,Discovery,355 hp,369 lb-ft,8-speed automatic,RWD/4WD,18/25 mpg,5,"Starting at $55,950",2023-2024,SUV,V6,6,4,Diesel,"['white', 'blue', 'black', 'silver', 'grey', 'brown']"
156,7f15b7ef-db48-499e-b351-848bd31df2e8,Land Rover,Discovery Sport,247 hp,269 lb-ft,9-speed automatic,FWD/AWD,22/29 mpg,5,"Starting at $40,900",2023-2024,SUV,4-cylinder,4,7,Petrol,"['red', 'white', 'blue', 'black']"
157,63cfd24e-4157-406c-8930-bbad0e057ffc,Land Rover,Range Rover,395 hp,406 lb-ft,8-speed automatic,RWD/4WD,18/25 mpg,5,"Starting at $87,995",2023-2024,SUV,V6,6,7,Petrol,"['red', 'blue', 'silver', 'brown']"
158,3bd9879c-b8bd-4f5a-b62a-f9a02e9eadc7,Land Rover,Range Rover Evoque,247 hp,269 lb-ft,9-speed automatic,FWD/AWD,22/29 mpg,5,"Starting at $42,650",2023-2024,SUV,4-cylinder,4,7,Petrol,"['red', 'blue', 'black', 'silver', 'yellow', 'silver', 'brown']"
159,794519e5-7c24-4f23-91f2-a238d11f85ac,Land Rover,Range Rover Sport,395 hp,406 lb-ft,8-speed automatic,RWD/4WD,18/25 mpg,5,"Starting at $68,250",2023-2024,SUV,V6,6,2,CNG,"['red', 'white', 'blue', 'silver', 'grey', 'green', 'brown']"
160,d7461811-ddc3-49bb-98db-4df2156c26af,Jaguar,I-PACE,395 hp,516 lb-ft,Single-speed automatic,Rear-wheel drive,79 MPGe,5,"Starting at $69,900",2023-2024,SUV,Electric,0,7,Petrol,"['red', 'white', 'black', 'silver', 'grey', 'green', 'yellow', 'brown']"
161,7be28dee-5dee-4a9c-9481-5a1a4d42e89c,Jaguar,F-PACE,296 hp,317 lb-ft,8-speed automatic,All-wheel drive,20/27 mpg,5,"Starting at $45,900",2023-2024,SUV,4-cylinder,6,4,Diesel,"['red', 'blue', 'black', 'grey', 'green', 'silver']"
162,6b2a9eb9-d3f9-4949-8bc4-c8d0dcc2d5bb,Jaguar,F-TYPE,380 hp,339 lb-ft,8-speed automatic,Rear-wheel drive,18/25 mpg,2,"Starting at $65,000",2023-2024,Coupe,V6,6,2,CNG,"['white', 'black', 'grey', 'green', 'yellow', 'brown']"
163,27ce04e6-e3a9-40b9-b64e-39cf4a322550,Jaguar,XE,296 hp,317 lb-ft,8-speed automatic,Rear-wheel drive,22/30 mpg,4,"Starting at $39,900",2023-2024,Sedan,4-cylinder,6,4,CNG,"['red', 'white', 'black', 'silver', 'green', 'silver']"
164,92217eee-b17f-46b8-84f4-1ebf59a19501,Jaguar,XF,380 hp,339 lb-ft,8-speed automatic,Rear-wheel drive,19/26 mpg,4,"Starting at $49,900",2023-2024,Sedan,V6,6,2,Petrol,"['black', 'yellow', 'silver']"
165,edb55ae4-2296-4f0a-9c15-83fda4d3c2e0,Fiat,500,70 hp,74 lb-ft,5-speed manual,Front-wheel drive,29/38 mpg,3,"Starting at $19,990",2023-2024,Hatchback,4-cylinder,4,7,Diesel,"['red', 'white', 'blue', 'grey', 'yellow', 'silver', 'brown']"
166,4cb7e456-0884-468c-8d78-cf8a7bd66ab4,Fiat,500X,160 hp,177 lb-ft,9-speed automatic,Front-wheel drive,24/31 mpg,5,"Starting at $24,990",2023-2024,SUV,4-cylinder,4,7,Diesel,"['white', 'blue', 'silver', 'grey', 'green', 'silver']"
167,311b6583-f42d-4f29-8a5b-8e0154525ac6,Fiat,124 Spider,160 hp,184 lb-ft,6-speed manual,Rear-wheel drive,24/31 mpg,2,"Starting at $24,990",2023-2024,Convertible,4-cylinder,4,5,Diesel,"['blue', 'black', 'grey', 'green', 'silver', 'brown']"
168,7af58717-5973-43d7-84fe-97d660e0fc5d,Alfa Romeo,Giulia,280 hp,306 lb-ft,8-speed automatic,Rear-wheel drive,23/32 mpg,4,"Starting at $39,900",2023-2024,Sedan,4-cylinder,4,7,CNG,"['silver', 'green', 'yellow', 'silver', 'brown']"
169,3c63742f-e158-4d80-adc7-290a9b26b8eb,Alfa Romeo,Giulia Quadrifoglio,505 hp,443 lb-ft,8-speed automatic,Rear-wheel drive,18/23 mpg,4,"Starting at $70,900",2023-2024,Sedan,V6,6,7,Diesel,"['black', 'yellow', 'brown']"
170,ee25c7c7-d3b5-4db2-bc73-b689db152760,Alfa Romeo,Stelvio,280 hp,306 lb-ft,8-speed automatic,All-wheel drive,21/27 mpg,5,"Starting at $41,900",2023-2024,SUV,4-cylinder,4,7,Diesel,"['white', 'blue', 'black', 'silver', 'brown']"
171,bc4b9ad8-d49d-4bfa-9abf-ff3e6471c6a4,Alfa Romeo,Stelvio Quadrifoglio,505 hp,443 lb-ft,8-speed automatic,All-wheel drive,18/23 mpg,5,"Starting at $79,900",2023-2024,SUV,V6,6,7,Petrol,"['white', 'black', 'grey', 'brown']"
172,2e65a192-6c43-4d62-9c3d-02fc81381140,Peugeot,208,108 hp,138 lb-ft,5-speed manual,Front-wheel drive,27/37 mpg,5,"Starting at $18,000",2023-2024,Hatchback,3-cylinder,3,4,Petrol,"['red', 'blue', 'silver', 'grey', 'silver']"
173,5510a494-2cd9-41a3-a1e1-9c3b6a0b08d2,Peugeot,2008,175 hp,195 lb-ft,8-speed automatic,Front-wheel drive,25/33 mpg,5,"Starting at $24,000",2023-2024,SUV,3-cylinder,3,4,Diesel,"['red', 'white', 'blue', 'yellow', 'brown']"
174,81043e3e-274b-4147-be31-58c526400243,Peugeot,308,158 hp,184 lb-ft,8-speed automatic,Front-wheel drive,27/37 mpg,5,"Starting at $26,000",2023-2024,Sedan,4-cylinder,4,4,Petrol,"['white', 'blue', 'black', 'silver', 'grey', 'green', 'yellow', 'silver', 'brown']"
175,02f01667-b4e9-4232-af57-45a0949a37ef,Peugeot,3008,180 hp,199 lb-ft,8-speed automatic,Front-wheel drive,25/33 mpg,5,"Starting at $30,000",2023-2024,SUV,4-cylinder,4,2,Petrol,"['red', 'silver', 'grey', 'green']"
176,326ef818-d718-4c77-85a5-093c05b27404,Peugeot,508,272 hp,332 lb-ft,8-speed automatic,Rear-wheel drive,22/30 mpg,5,"Starting at $34,000",2023-2024,Sedan,V6,6,2,Diesel,"['red', 'white', 'black', 'silver', 'grey', 'yellow', 'silver', 'brown']"
177,17724644-f2fa-496b-b3e3-82efee857730,Peugeot,5008,180 hp,199 lb-ft,8-speed automatic,Front-wheel drive,25/33 mpg,7,"Starting at $36,000",2023-2024,SUV,4-cylinder,4,7,Diesel,"['white', 'silver']"
178,ccc2e0c5-f54e-4324-9158-a08250fe3ce6,Citroën,C1,70 hp,74 lb-ft,5-speed manual,Front-wheel drive,32.5/42.5 mpg,3,"Starting at $15,490",2023-2024,Hatchback,3-cylinder,3,2,Petrol,"['silver', 'green', 'yellow', 'brown']"
179,0d407728-0ca1-4cff-98b6-1aca54925a1e,Citroën,C3,109 hp,122 lb-ft,5-speed manual,Front-wheel drive,30.1/40.9 mpg,5,"Starting at $18,990",2023-2024,Hatchback,3-cylinder,3,5,Petrol,"['red', 'black', 'silver', 'green', 'yellow']"
180,e3846e28-e4b1-4562-817e-4c2b30c3978f,Citroën,C3 Aircross,119 hp,138 lb-ft,8-speed automatic,Front-wheel drive,27/38 mpg,5,"Starting at $23,990",2023-2024,SUV,3-cylinder,3,2,Petrol,"['red', 'black', 'silver', 'grey', 'green', 'yellow', 'silver', 'brown']"
181,974319b8-ba46-44de-8d15-5ac22257284e,Citroën,C4,153 hp,170 lb-ft,8-speed automatic,Front-wheel drive,28/39 mpg,5,"Starting at $24,990",2023-2024,Sedan,4-cylinder,4,4,Diesel,"['white', 'black', 'grey']"
182,68d8697b-be3c-4b05-933e-7520e279c5ab,Citroën,C5 Aircross,175 hp,195 lb-ft,8-speed automatic,Front-wheel drive,25/33 mpg,5,"Starting at $28,990",2023-2024,SUV,4-cylinder,4,2,Petrol,"['red', 'white', 'grey', 'green', 'yellow', 'silver']"
183,0f7664b3-171c-4b1e-9180-e08eb109bd21,Renault,Arkana,148 hp,162 lb-ft,7-speed DCT,Front-wheel drive,26/35 mpg,5,"Starting at $27,990",2023-2024,SUV,4-cylinder,4,7,Diesel,"['red', 'black', 'grey', 'brown']"
184,253de07a-eeed-4cb1-98bd-095ae1d59433,Renault,Captur,154 hp,184 lb-ft,7-speed DCT,Front-wheel drive,28/38 mpg,5,"Starting at $23,990",2023-2024,SUV,4-cylinder,4,5,Diesel,"['red', 'blue', 'silver', 'grey', 'yellow']"
185,884d3142-b983-4c26-8429-5199a31537f1,Renault,Clio,138 hp,148 lb-ft,6-speed manual,Front-wheel drive,30.1/40.9 mpg,5,"Starting at $22,990",2023-2024,Hatchback,4-cylinder,4,2,Petrol,"['white', 'silver', 'green', 'brown']"
186,cf94a8b9-18e1-4f9a-afba-cf233e798c8a,Renault,Megane,188 hp,221 lb-ft,7-speed DCT,Front-wheel drive,28/38 mpg,5,"Starting at $26,990",2023-2024,Sedan,4-cylinder,4,4,CNG,"['red', 'blue']"
187,6963ce8e-3cd0-4f62-8e91-d6da508f0925,Renault,Zoe,134 hp,184 lb-ft,Single-speed automatic,Rear-wheel drive,119 MPGe,5,"Starting at $29,990",2023-2024,Hatchback,Electric,0,7,Petrol,"['red', 'white', 'blue', 'black', 'silver', 'grey', 'yellow', 'silver']"
188,c3398610-74fd-4234-8c2a-ebe92d501cbd,Skoda,Fabia,95 hp,118 lb-ft,5-speed manual,Front-wheel drive,28/39 mpg,5,"Starting at $17,990",2023-2024,Hatchback,3-cylinder,3,5,CNG,"['red', 'white', 'blue', 'black', 'silver', 'green', 'yellow']"
189,578e136e-a36b-407b-af5b-d5fe5e216e93,Skoda,Scala,110 hp,148 lb-ft,6-speed manual,Front-wheel drive,28/39 mpg,5,"Starting at $22,990",2023-2024,Hatchback,4-cylinder,4,7,CNG,"['red', 'white', 'blue', 'black', 'grey', 'yellow', 'silver', 'brown']"
190,5a8d3953-ad9a-41f6-befc-df6282dcd1b6,Skoda,Octavia,148 hp,184 lb-ft,7-speed DSG,Front-wheel drive,28/39 mpg,5,"Starting at $26,990",2023-2024,Sedan,4-cylinder,4,4,Petrol,"['white', 'black', 'silver', 'grey', 'yellow', 'silver']"
191,b5f95ced-6db4-445f-a877-917db0013f57,Skoda,Superb,188 hp,221 lb-ft,7-speed DSG,Front-wheel drive,25/33 mpg,5,"Starting at $32,990",2023-2024,Sedan,4-cylinder,4,2,Petrol,"['red', 'green', 'yellow', 'silver', 'brown']"
192,e282e8b9-b6f1-4c6e-b6ff-c85baf536207,Skoda,Karoq,148 hp,184 lb-ft,7-speed DSG,Front-wheel drive,25/33 mpg,5,"Starting at $27,990",2023-2024,SUV,4-cylinder,4,2,Diesel,"['white', 'blue', 'grey', 'yellow', 'silver']"
193,babccc7f-f8f9-49f2-89a6-37df4ed1217a,Skoda,Kodiaq,188 hp,221 lb-ft,7-speed DSG,Front-wheel drive,21/28 mpg,7,"Starting at $32,990",2023-2024,SUV,4-cylinder,4,5,Diesel,"['red', 'white', 'blue', 'black', 'grey', 'green']"
194,28a5d5aa-d23d-4041-b18d-3138a5a43cd1,Skoda,Enyaq iV,201 hp,221 lb-ft,Single-speed automatic,Rear-wheel drive,77 MPGe,5,"Starting at $39,990",2023-2024,SUV,Electric,0,2,Petrol,"['blue', 'grey', 'silver', 'brown']"
195,7e44fb7c-f5f9-42c5-ab71-98f74f2f0701,SEAT,Arona,110 hp,148 lb-ft,6-speed manual,Front-wheel drive,28/39 mpg,5,"Starting at $22,990",2023-2024,SUV,4-cylinder,4,2,CNG,"['red', 'blue', 'black', 'green', 'yellow']"
196,63ed2df3-f389-4dc4-a557-dce26e5199fb,SEAT,Ibiza,110 hp,148 lb-ft,6-speed manual,Front-wheel drive,28/39 mpg,5,"Starting at $19,990",2023-2024,Hatchback,4-cylinder,4,2,Diesel,"['blue', 'silver', 'yellow', 'silver', 'brown']"
197,4bc826d7-d70b-4dd4-9e98-1d76dd537a42,SEAT,Leon,148 hp,184 lb-ft,7-speed DSG,Front-wheel drive,28/39 mpg,5,"Starting at $26,990",2023-2024,Sedan,4-cylinder,4,2,Petrol,"['red', 'blue', 'black', 'brown']"
198,f0910964-7d30-45fb-8d5f-2c75b39020f2,SEAT,Leon Sportstourer,148 hp,184 lb-ft,7-speed DSG,Front-wheel drive,28/39 mpg,5,"Starting at $28,990",2023-2024,Wagon,4-cylinder,4,5,CNG,"['black', 'yellow', 'silver']"
199,a46c7dc7-5670-49d7-9bf5-74cf64175f63,SEAT,Tarraco,188 hp,221 lb-ft,7-speed DSG,Front-wheel drive,21/28 mpg,7,"Starting at $32,990",2023-2024,SUV,4-cylinder,4,7,Petrol,"['red', 'white', 'blue', 'black', 'yellow']"
200,896117e6-dd00-47fe-b613-725e992ddce8,SEAT,Mii,70 hp,74 lb-ft,5-speed manual,Front-wheel drive,32.5/42.5 mpg,3,"Starting at $15,490",2023-2024,Hatchback,3-cylinder,3,7,Petrol,"['red', 'black', 'silver', 'grey', 'green', 'yellow', 'silver']"
201,c34ddd77-182f-49b3-9d8a-a572b48cb6c5,SEAT,Born,201 hp,221 lb-ft,Single-speed automatic,Rear-wheel drive,77 MPGe,5,"Starting at $39,990",2023-2024,Hatchback,Electric,0,7,Diesel,"['red', 'blue', 'black', 'green', 'yellow']"
202,616ef5ad-7dfc-411b-a948-b7b40fc13365,Opel/Vauxhall,Adam,70 hp,74 lb-ft,5-speed manual,Front-wheel drive,32.5/42.5 mpg,3,"Starting at $15,490",2023-2024,Hatchback,3-cylinder,3,4,Diesel,"['red', 'white', 'silver', 'silver', 'brown']"
203,9ad181ad-8c7c-4703-bd2c-b3a3ea76b19a,Opel/Vauxhall,Corsa,108 hp,138 lb-ft,5-speed manual,Front-wheel drive,27/37 mpg,5,"Starting at $18,000",2023-2024,Hatchback,3-cylinder,3,4,Diesel,"['white', 'blue', 'black', 'silver', 'yellow', 'brown']"
204,153ed5ad-eab8-49ce-8910-8709a3d88bab,Opel/Vauxhall,Astra,158 hp,184 lb-ft,8-speed automatic,Front-wheel drive,27/37 mpg,5,"Starting at $26,000",2023-2024,Sedan,4-cylinder,4,2,CNG,"['red', 'white', 'blue', 'black', 'green', 'yellow', 'silver', 'brown']"
205,0d15e734-3e41-4585-92bd-0ea4f7cb0db9,Opel/Vauxhall,Insignia,272 hp,332 lb-ft,8-speed automatic,Rear-wheel drive,22/30 mpg,5,"Starting at $34,000",2023-2024,Sedan,V6,6,5,Petrol,"['red', 'white', 'black', 'silver', 'grey', 'green', 'yellow', 'silver', 'brown']"
206,dcabf146-bba4-463f-a739-85d5ea37f205,Opel/Vauxhall,Mokka,175 hp,195 lb-ft,8-speed automatic,Front-wheel drive,25/33 mpg,5,"Starting at $24,000",2023-2024,SUV,3-cylinder,3,2,CNG,"['white', 'blue', 'black', 'silver', 'grey', 'green', 'yellow']"
207,3d3bb6e9-5acf-43db-b424-96b839b8f8fc,Opel/Vauxhall,Grandland,180 hp,199 lb-ft,8-speed automatic,Front-wheel drive,25/33 mpg,5,"Starting at $30,000",2023-2024,SUV,4-cylinder,4,5,Petrol,"['white', 'black', 'grey', 'green', 'silver', 'brown']"
208,c73c5af5-4e22-4501-8a15-a9ca2c349cec,Opel/Vauxhall,Crossland,119 hp,138 lb-ft,8-speed automatic,Front-wheel drive,27/38 mpg,5,"Starting at $23,990",2023-2024,SUV,3-cylinder,3,7,Diesel,"['white', 'black', 'silver', 'green', 'yellow', 'silver', 'brown']"
209,47fc5bfd-d0b2-45e3-917b-f52743f076cb,Opel/Vauxhall,Combo,108 hp,138 lb-ft,5-speed manual,Front-wheel drive,27/37 mpg,5,"Starting at $18,000",2023-2024,Van,3-cylinder,3,4,CNG,"['blue', 'yellow', 'brown']"
210,4cc27058-c5e6-4651-b32b-a755ee6606d4,Opel/Vauxhall,Vivaro,148 hp,184 lb-ft,8-speed automatic,Front-wheel drive,25/33 mpg,5,"Starting at $27,990",2023-2024,Van,4-cylinder,4,5,Diesel,"['green', 'yellow', 'silver']"
211,223370f9-50d5-47aa-af8d-a7b88e0c7b42,Opel/Vauxhall,Movano,180 hp,199 lb-ft,8-speed automatic,Front-wheel drive,21/28 mpg,7,"Starting at $32,990",2023-2024,Van,4-cylinder,4,2,Petrol,"['silver', 'silver', 'brown']"
212,3164ff69-6724-4e00-bfd0-039859c4b9dd,Mini,Cooper,134 hp,162 lb-ft,7-speed dual-clutch automatic,Front-wheel drive,28/37 mpg,3,"Starting at $24,000",2023-2024,Hatchback,3-cylinder,3,7,Diesel,"['red', 'blue', 'silver', 'brown']"
213,4dfb8d8a-d560-42d6-bb3a-84ca0562baad,Mini,Cooper S,189 hp,207 lb-ft,7-speed dual-clutch automatic,Front-wheel drive,27/36 mpg,3,"Starting at $28,000",2023-2024,Hatchback,4-cylinder,4,4,Petrol,"['red', 'white', 'blue', 'black', 'silver']"
214,83d48508-e763-438c-901c-6ceb679ba278,Mini,John Cooper Works,228 hp,236 lb-ft,8-speed automatic,Front-wheel drive,25/33 mpg,3,"Starting at $33,000",2023-2024,Hatchback,4-cylinder,4,5,Diesel,"['red', 'black', 'green', 'yellow']"
215,ff30ac82-d02f-485a-b8e2-4bf85fe90143,Mini,Cooper SE,181 hp,199 lb-ft,Single-speed automatic,Rear-wheel drive,119 MPGe,5,"Starting at $30,000",2023-2024,Hatchback,Electric,0,4,Petrol,['blue']
216,365c557b-2198-48f0-9c20-e5e1a5f03dbd,Mini,Countryman,189 hp,207 lb-ft,7-speed dual-clutch automatic,Front-wheel drive,24/31 mpg,5,"Starting at $29,000",2023-2024,SUV,4-cylinder,4,7,Petrol,"['blue', 'black', 'silver', 'grey', 'brown']"
217,0d380202-8bb2-42b1-b8cf-1b8121504c5d,Mini,Clubman,189 hp,207 lb-ft,7-speed dual-clutch automatic,All-wheel drive,24/31 mpg,5,"Starting at $32,000",2023-2024,Wagon,4-cylinder,4,7,Diesel,"['red', 'silver', 'yellow', 'silver', 'brown']"
218,2ebdcf43-5ef6-4875-a1b3-2bd88824fa7a,Mini,Paceman,189 hp,207 lb-ft,7-speed dual-clutch automatic,All-wheel drive,24/31 mpg,5,"Starting at $33,000",2023-2024,SUV,4-cylinder,4,2,Diesel,"['red', 'blue', 'black', 'silver', 'green', 'yellow', 'silver']"
219,40dd3f68-11d1-496b-9cf4-b78a366d7c1c,Mini,Countryman John Cooper Works,301 hp,332 lb-ft,8-speed automatic,All-wheel drive,22/29 mpg,5,"Starting at $40,000",2023-2024,SUV,4-cylinder,4,2,Petrol,"['red', 'white', 'blue', 'black', 'yellow', 'brown']"
220,6ccbada8-dbde-482f-ae5c-bd482e34f70a,Saab,9-5,250 hp,273 lb-ft,6-speed automatic,Front-wheel drive,19/28 mpg,4,"Starting at $37,990",2011,Sedan,turbocharged inline-4,4,7,Petrol,"['red', 'silver', 'grey', 'yellow', 'brown']"
221,5e53b85b-4ef8-4f82-b7f0-0204fbca466b,Saab,9-3,227 hp,236 lb-ft,6-speed automatic,Front-wheel drive,20/29 mpg,4,"Starting at $32,990",2011,Sedan,turbocharged inline-4,4,2,Diesel,"['white', 'black', 'silver', 'grey']"
222,901a4911-6a2f-4bb4-84f7-124ece3a902b,Saab,9-3 Convertible,227 hp,236 lb-ft,6-speed automatic,Front-wheel drive,19/28 mpg,2,"Starting at $39,990",2011,Convertible,turbocharged inline-4,4,7,Diesel,"['blue', 'black', 'silver', 'green', 'yellow', 'silver']"
223,bc3542c9-1988-4448-b132-8f91bf9e2008,Saab,9-5 SportCombi,250 hp,273 lb-ft,6-speed automatic,All-wheel drive,18/26 mpg,5,"Starting at $42,990",2011,Wagon,turbocharged inline-4,4,4,Petrol,"['blue', 'grey', 'brown']"
224,bc764e8b-8fbd-4b86-bca6-7bb3622c488e,Dodge,Grand Caravan,283 hp,260 lb-ft,Automatic,FWD,20 mpg,4 or 5,"$28,530-$34,490",1984-2020,Van,Gas V6,6,7,Petrol,"['white', 'silver', 'grey', 'green', 'yellow', 'brown']"
225,f93c9394-36a8-408a-84ec-2b1ffa768f96,Dodge,Challenger SRT Demon,840 hp,770 lb-ft,Automatic,RWD,13 mpg,2,"$84,995",2018,Coupe,Gas V8,8,4,Petrol,"['red', 'blue', 'grey', 'yellow']"
226,a26b559c-168d-4892-bba4-537e1e6c1c7c,Dodge,Viper,645-640 hp,600-600 lb-ft,Manual,RWD,13-21 mpg,2,"$87,895-$90,390",1992-2017,Coupe/Convertible,Gas V10,10,2,CNG,"['blue', 'silver', 'yellow', 'silver', 'brown']"
227,75f0d16c-9971-44c2-8312-ecbe51a25a29,Bugatti,Chiron,"1,500 hp","1,180 lb-ft",7-speed dual-clutch automatic,All-wheel drive,11 mpg,2,"$3,000,000",2016-Present,Coupe,W16,16,4,CNG,"['white', 'grey', 'yellow']"
228,5fa912c9-98f3-4e86-8535-26bae05719bb,Bugatti,Veyron,"1,001 hp",750 lb-ft,7-speed dual-clutch automatic,All-wheel drive,9 mpg,2,"$1,700,000",2005-2015,Coupe,W16,16,7,CNG,"['white', 'silver']"
229,efa7de0a-351a-4e22-9b37-0024e41a3d8c,Bugatti,EB 110,552 hp,451 lb-ft,4-speed automatic,All-wheel drive,13 mpg,2,"$1,100,000",1991-1995,Coupe,W16,16,2,Diesel,"['blue', 'black', 'silver', 'grey', 'green', 'yellow', 'brown']"
230,c5a93a15-b363-4539-9128-42feacd185a5,Bugatti,EB 110 SS,611 hp,451 lb-ft,4-speed automatic,All-wheel drive,13 mpg,2,"$1,300,000",1993-1995,Coupe,W16,16,2,CNG,"['blue', 'silver', 'green', 'yellow', 'silver']"
231,addd2ce2-58f4-4f71-a09b-7e08fa094241,Maserati,Ghibli,345 hp,369 lb-ft,8-speed shiftable automatic,RWD,19/26 mpg,4,"$74,390",2014 - present,Sedan,Twin-turbocharged V6,6,5,CNG,"['blue', 'silver']"
232,958b53e6-2c89-449e-87ef-c8c5fb6b093f,Maserati,Quattroporte,424 hp,428 lb-ft,8-speed shiftable automatic,RWD,16/23 mpg,4,"$102,390",2013 - present,Sedan,Twin-turbocharged V6 or V8,6 or 8,2,Petrol,"['red', 'black', 'green', 'silver']"
233,b4c2c2a1-5504-449b-bd71-f08f48e90d1e,Maserati,Levante,345 hp,369 lb-ft,8-speed shiftable automatic,AWD,16/22 mpg,4,"$77,890",2017 - present,SUV,Twin-turbocharged V6,6,4,Petrol,"['white', 'blue', 'silver', 'green', 'silver', 'brown']"
234,5c2c0360-483a-4cc6-b91c-5ef7c0a85c12,Maserati,GranTurismo,454 hp,384 lb-ft,6-speed shiftable automatic,RWD,13/20 mpg,2,"$134,300",2008 - present,Coupe/Convertible,Naturally aspirated V8,8,4,CNG,"['red', 'grey', 'green', 'yellow', 'brown']"
235,c3f8c7c1-d2b5-4ea9-9f13-dc4baf9b91c8,Lancia,Stratos HF,190 hp,166 lb-ft,5-speed manual,Rear-wheel drive,,2,,1973-1978,Coupe,2.4L V6,6,5,CNG,"['white', 'blue']"
236,5ad3c7b2-03a5-488b-a827-d0711cb094ae,Lancia,Delta Integrale,215 hp,231 lb-ft,5-speed manual,All-wheel drive,,5,,1987-1994,Hatchback,2.0L turbocharged inline-4,4,4,Petrol,"['red', 'blue', 'black', 'silver', 'grey', 'silver']"
237,ba0255f9-76d3-42a3-b9d3-afb3b351e872,Lancia,Thema 8.32,215 hp,213 lb-ft,5-speed manual,Front-wheel drive,,4,,1986-1994,Sedan,3.0L V8,8,7,Petrol,"['white', 'silver']"
238,da541d15-47a7-461b-97f6-9b017f1fbfd5,Lancia,Aurelia B24,118 hp,136 lb-ft,4-speed manual,Rear-wheel drive,,2,,1954-1955,"Coupe, Convertible",2.5L V6,6,7,Petrol,"['white', 'silver', 'yellow', 'brown']"
239,d4c94455-ffb1-400f-b9f0-fd0d00535fe9,Lancia,Fulvia,115 hp,108 lb-ft,5-speed manual,Front-wheel drive,,2,,1963-1976,Coupe,1.3L inline-4,4,2,Petrol,"['red', 'blue', 'black', 'grey', 'silver', 'brown']"
240,5d9b641f-ae4d-4ce6-a4fc-c6a03fd679d3,Pagani,Huayra,730 hp,738 lb-ft,7-speed sequential manual,Rear-wheel drive,12 mpg,2,$2.6 million,2011-Present,Coupe,V12,12,4,CNG,"['white', 'blue', 'black', 'silver', 'silver']"
241,f3dbeec6-23cb-4ea9-a1dd-1fc4e4e14c88,Pagani,Zonda,760 hp,780 lb-ft,6-speed sequential manual,Rear-wheel drive,10 mpg,2,$1.5 million,1999-2015,Coupe,V12,12,4,Diesel,"['red', 'white', 'silver', 'green', 'silver', 'brown']"
242,98b09f8f-e9ff-4a48-8582-fc947f5c8522,Pagani,Huayra BC,789 hp,811 lb-ft,7-speed sequential manual,Rear-wheel drive,11 mpg,2,$3.0 million,2016-2018,Coupe,V12,12,5,Diesel,"['blue', 'black', 'silver', 'green', 'yellow', 'silver', 'brown']"
243,6bbd4d95-e88b-4941-8218-d8a36a4ed7a2,Pagani,Huayra R,851 hp,811 lb-ft,7-speed sequential manual,Rear-wheel drive,11 mpg,2,$2.6 million,2017-Present,Track Car,V12,12,4,CNG,"['red', 'black', 'grey', 'green', 'yellow', 'silver']"
244,b172ca0d-83e5-4723-9f0b-c2d39ab3b14e,Pagani,Huayra Imola,827 hp,821 lb-ft,7-speed sequential manual,Rear-wheel drive,11 mpg,2,$3.2 million,2020-Present,Coupe,V12,12,7,Petrol,"['red', 'white', 'blue', 'silver', 'green', 'yellow', 'silver']"
245,017440ee-44ce-4364-bc75-a8546e7e3d5a,Koenigsegg,Gemera,"1,700 hp","1,700 lb-ft",9-speed multi-clutch automatic,All-wheel drive,20 mpg,4,$1.7 million,2022-Present,4-seater,Twin-turbocharged V8 + 3 electric motors,8,4,Petrol,"['red', 'white', 'grey', 'green', 'yellow', 'silver', 'brown']"
246,fc078030-2227-43ae-9271-40fa3bdae231,Koenigsegg,Jesko,"1,600 hp","1,280 lb-ft",9-speed multi-clutch automatic,Rear-wheel drive,10 mpg,2,$2.8 million,2022-Present,Coupe,V8,8,5,Diesel,"['red', 'white', 'silver', 'grey', 'green', 'yellow']"
247,e0316908-6ba3-4701-a06b-2b28540da935,Koenigsegg,Regera,"1,500 hp","1,100 lb-ft",Koenigsegg Direct Drive,All-wheel drive,11 mpg,2,$2.2 million,2016-Present,Coupe,V8,8,7,Diesel,"['red', 'white', 'blue', 'black', 'grey']"
248,c4dc4024-e2c5-4a6f-8620-c02792ccd87c,Koenigsegg,Agera RS,"1,176 hp","1,170 lb-ft",7-speed dual-clutch automatic,Rear-wheel drive,9 mpg,2,$2.5 million,2015-2018,Coupe,V8,8,5,CNG,"['red', 'white', 'black', 'green', 'yellow']"
249,3ebc8db2-b786-4dc3-9187-ea2a3fa8a661,Koenigsegg,One:1,"1,360 hp","1,371 lb-ft",7-speed dual-clutch automatic,Rear-wheel drive,9 mpg,2,$2.5 million,2014-2016,Coupe,V8,8,5,Petrol,"['red', 'blue', 'black', 'yellow', 'silver']"
250,2e19fbbd-47cc-4b83-9bb3-19e12cacb7d2,Koenigsegg,Agera S,"1,140 hp","1,100 lb-ft",7-speed dual-clutch automatic,Rear-wheel drive,9 mpg,2,$1.5 million,2013-2014,Coupe,V8,8,4,Diesel,"['black', 'silver', 'brown']"
251,9448d05e-cfc9-49ec-af50-1fe90f005398,Koenigsegg,Agera R,"1,115 hp","1,100 lb-ft",7-speed dual-clutch automatic,Rear-wheel drive,9 mpg,2,$1.6 million,2011-2013,Coupe,V8,8,4,CNG,"['silver', 'green', 'silver']"
252,46231923-a253-45bc-b14e-ba3bf280d35b,Koenigsegg,CCXR Trevita,"1,018 hp",885 lb-ft,7-speed dual-clutch automatic,Rear-wheel drive,9 mpg,2,$4.8 million,2007-2008,Coupe,V8,8,2,CNG,"['red', 'white', 'blue', 'black', 'silver', 'yellow', 'silver', 'brown']"
253,febe68f8-9051-495f-b3ad-3163d229b3d8,Koenigsegg,CCX,806 hp,752 lb-ft,7-speed dual-clutch automatic,Rear-wheel drive,9 mpg,2,$1.1 million,2006-2007,Coupe,V8,8,4,Petrol,"['red', 'white', 'blue', 'silver', 'green', 'yellow', 'silver', 'brown']"
254,1f5e1f92-de46-4666-a3e1-b7f70179f78c,Koenigsegg,CCXR,806 hp,885 lb-ft,7-speed dual-clutch automatic,Rear-wheel drive,9 mpg,2,$1.6 million,2007-2008,Coupe,V8,8,7,CNG,"['red', 'black', 'silver', 'grey', 'brown']"
255,5a384e6a-b479-443d-8cf7-60b9f52dcb5f,Koenigsegg,CC,806 hp,752 lb-ft,6-speed manual,Rear-wheel drive,9 mpg,2,"$600,000",2002-2004,Coupe,V8,8,7,Petrol,"['red', 'black', 'silver', 'green', 'yellow', 'silver']"
256,9bf806f0-98b3-4654-8b4a-0413a41c8aad,Koenigsegg,CC8S,806 hp,752 lb-ft,6-speed manual,Rear-wheel drive,9 mpg,2,"$750,000",2004-2006,Coupe,V8,8,2,Petrol,"['red', 'blue', 'silver', 'green', 'yellow', 'silver', 'brown']"
257,fdd99897-0656-44e5-b808-cb2bcaffa03d,Genesis,G70,300 hp,295 lb-ft,8-speed automatic,Rear-wheel drive,23/32 mpg,4,"Starting at $35,900",2019-Present,Sedan,Inline-4,4,4,Petrol,"['white', 'black', 'silver', 'green', 'silver', 'brown']"
258,967e3c71-c958-41c0-a910-7d0e7ab6647b,Genesis,G80,375 hp,391 lb-ft,8-speed automatic,Rear-wheel drive or all-wheel drive,19/29 mpg,4,"Starting at $47,700",2020-Present,Sedan,V6,6,4,Diesel,"['white', 'silver', 'green', 'yellow', 'brown']"
259,e8079598-610d-4175-a4ff-c63aabeec65f,Genesis,GV70,300 hp,295 lb-ft,8-speed automatic,Rear-wheel drive or all-wheel drive,22/29 mpg,5,"Starting at $42,250",2022-Present,SUV,Inline-4,4,2,Diesel,"['white', 'black', 'silver', 'grey', 'brown']"
260,06ba03b8-c2c8-4987-9a5d-80bfd78968f4,Genesis,GV80,375 hp,391 lb-ft,8-speed automatic,All-wheel drive,19/27 mpg,5,"Starting at $47,700",2021-Present,SUV,V6,6,7,Diesel,"['yellow', 'silver']"
261,bc022d9b-9e57-4bda-847b-305d2fcbdf00,Genesis,GV90,375 hp,391 lb-ft,8-speed automatic,All-wheel drive,18/26 mpg,7,"Starting at $77,900",2023-Present,SUV,V6,6,2,Petrol,"['red', 'white', 'blue', 'silver', 'green']"
262,a807c5b6-00fc-4d39-97ab-2fc85877a1db,Polestar,Polestar 1,619 hp,738 lb-ft,Automatic,AWD,58 MPGe,2,"$155,000",2021-2022,Coupe,Electric,0,2,Diesel,"['blue', 'silver', 'grey', 'green']"
263,d1b35f20-587d-4292-9d83-d398d0776ed2,Polestar,Polestar 2,408 hp,487 lb-ft,Single-speed direct drive,AWD,92 MPGe,4,"$59,900",2021-2022,Crossover,Electric,0,4,Diesel,"['blue', 'black', 'silver', 'grey', 'green', 'silver']"
264,f8748581-3076-4c49-8643-2a6467dcfcc7,Polestar,Polestar 3,476 hp,502 lb-ft,Single-speed automatic,All-wheel drive,111 MPGe,5,"Starting at $61,900",2022-Present,Sedan,Electric,0,2,CNG,"['white', 'blue', 'grey', 'brown']"
265,fe91a938-12a2-4267-a130-e5652cbf95a0,Lucid Motors,Lucid Air,819 hp,908 lb-ft,Single-speed automatic,All-wheel drive,520 miles,5,"Starting at $77,400",2022-Present,Sedan,Electric,0,5,CNG,"['green', 'silver', 'brown']"
266,887b9af3-0e6b-46f7-bb36-f1e56ded27b4,Lucid Motors,Lucid Air Dream Edition Performance,"1,111 hp","1,341 lb-ft",Single-speed automatic,All-wheel drive,483 miles,5,"Starting at $169,000",2022-Present,Sedan,Electric,0,2,Diesel,"['grey', 'yellow', 'brown']"
267,b0f55c8a-1481-44c3-aae3-a5dd6bbab0a8,Rivian,R1T,835 hp,908 lb-ft,4-motor all-wheel drive,0-60 mph in 3 seconds,314 miles,5,"Starting at $67,500",2022-Present,Pickup truck,Electric,0,2,CNG,"['red', 'blue', 'black', 'silver', 'grey']"
268,c1d9b288-17ae-48b3-b8aa-eb69160b964c,Rivian,R1S,835 hp,908 lb-ft,4-motor all-wheel drive,0-60 mph in 3 seconds,314 miles,5,"Starting at $70,000",2022-Present,SUV,Electric,0,2,Petrol,"['white', 'blue', 'black', 'silver', 'grey', 'green', 'yellow', 'silver', 'brown']"
269,f429fc44-56bb-44ae-93ef-6a78189c557c,Faraday Future,FF 91,1050 hp,1000 lb-ft,Single-speed automatic,All-wheel drive,405 miles,5,"Starting at $180,000",2023-Present,SUV,Electric,0,5,Diesel,"['white', 'blue', 'black', 'grey', 'yellow', 'silver', 'brown']"
270,ee38294d-493c-4f27-949e-752112c36a87,Faraday Future,FF 91,1050 hp,1000 lb-ft,Single-speed automatic,All-wheel drive,405 miles,5,"Starting at $180,000",2023-Present,SUV,Electric,0,7,Diesel,"['red', 'silver']"
271,d572a01c-36fd-479a-b341-af93fc8f9575,Alpina,B3,455 hp,516 lb-ft,8-speed automatic,All-wheel drive,20/27 mpg,4,"Starting at $74,900",2023-Present,Sedan,Twin-turbocharged inline-6,6,2,Diesel,"['red', 'white', 'blue', 'grey', 'yellow']"
272,ce552cf3-c76a-4f54-a201-b2a790d1b57a,Alpina,B4,533 hp,553 lb-ft,8-speed automatic,All-wheel drive,19/26 mpg,5,"Starting at $84,900",2023-Present,Wagon,Twin-turbocharged inline-6,6,4,Petrol,"['white', 'grey', 'green', 'yellow', 'brown']"
273,dd3033f0-4dd8-48f2-9b1b-3ab97b15d2f2,Alpina,B5,533 hp,553 lb-ft,8-speed automatic,All-wheel drive,19/26 mpg,5,"Starting at $94,900",2023-Present,Sedan,Twin-turbocharged inline-6,6,5,CNG,"['white', 'blue', 'silver', 'green', 'yellow', 'silver', 'brown']"
274,5efe89e2-ced9-402c-ad8f-3a40d97d6576,Alpina,B7,612 hp,590 lb-ft,8-speed automatic,All-wheel drive,17/24 mpg,5,"Starting at $139,900",2023-Present,Sedan,Twin-turbocharged V8,8,5,CNG,"['red', 'white', 'grey', 'yellow', 'brown']"
275,a09c2b06-6e08-43a5-b4f7-8735a12c8cb7,Alpina,XB7,612 hp,590 lb-ft,8-speed automatic,All-wheel drive,17/24 mpg,7,"Starting at $149,900",2023-Present,SUV,Twin-turbocharged V8,8,5,Diesel,"['white', 'grey', 'green', 'yellow', 'brown']"
276,27c35114-3495-4548-8cf5-c70a478eb9a0,Cadillac,CT4,237 hp,295 lb-ft,8-speed automatic,Rear-wheel drive,22/32 mpg,4,"Starting at $33,295",2023-Present,Sedan,Turbocharged inline-4,4,5,Petrol,"['white', 'blue', 'silver', 'yellow', 'brown']"
277,7a0fd9f4-4df8-44c5-81d2-9c0ab5fd675b,Cadillac,CT4-V,325 hp,380 lb-ft,10-speed automatic,All-wheel drive,19/29 mpg,4,"Starting at $46,295",2023-Present,Sedan,Twin-turbocharged inline-4,4,5,Diesel,"['red', 'white', 'blue', 'silver']"
278,0603e814-4483-4374-b496-42e2a48e6433,Cadillac,CT5,237 hp,295 lb-ft,8-speed automatic,Rear-wheel drive,22/32 mpg,4,"Starting at $39,995",2023-Present,Sedan,Turbocharged inline-4,4,4,Petrol,"['blue', 'black', 'silver', 'green', 'yellow', 'silver']"
279,2c002586-2620-49fe-8055-b1b8f7aa2f31,Cadillac,CT5-V,360 hp,405 lb-ft,10-speed automatic,All-wheel drive,18/28 mpg,4,"Starting at $55,795",2023-Present,Sedan,Twin-turbocharged V6,6,5,Petrol,"['red', 'blue', 'black', 'silver', 'yellow']"
280,5b4c24cf-732b-49a3-9216-9bd21b60b459,Cadillac,CT5-V Blackwing,668 hp,659 lb-ft,6-speed manual,Rear-wheel drive,16/25 mpg,2,"Starting at $84,995",2023-Present,Sedan,Naturally aspirated V8,8,4,Petrol,"['white', 'blue', 'silver']"
281,67c0c602-2ca5-45a4-8ec8-71d84e6c780c,Cadillac,Escalade,420 hp,460 lb-ft,10-speed automatic,All-wheel drive,17/25 mpg,4,"Starting at $76,295",2023-Present,SUV,V8,8,2,Diesel,"['red', 'white', 'silver', 'grey', 'green', 'silver', 'brown']"
282,c4d442a9-ff82-48ba-981c-2a834df5392c,Cadillac,XT4,237 hp,295 lb-ft,9-speed automatic,Front-wheel drive or all-wheel drive,23/30 mpg,5,"Starting at $35,795",2023-Present,SUV,Turbocharged inline-4,4,4,Diesel,"['white', 'blue']"
283,c3461b0f-81b1-4602-987f-7df39cbbc01a,Cadillac,XT5,237 hp,295 lb-ft,9-speed automatic,Front-wheel drive or all-wheel drive,21/28 mpg,5,"Starting at $41,795",2023-Present,SUV,Turbocharged inline-4,4,5,Diesel,"['silver', 'grey', 'brown']"
284,36aeaa49-beb7-4906-a308-1fe1294fa358,Cadillac,XT6,310 hp,271 lb-ft,10-speed automatic,All-wheel drive,19/26 mpg,7,"Starting at $59,995",2023-Present,SUV,Twin-turbocharged V6,6,5,CNG,"['red', 'black', 'silver']"
285,17c19dbd-bb59-4712-a8e7-5788a11c3a6a,Caterham,Seven 170,170 hp,127 lb-ft,5-speed manual,Rear-wheel drive,36 mpg (city)/44 mpg (highway),2,"Starting at £27,995",2023-Present,Sports car,4-cylinder,4,2,CNG,"['white', 'blue', 'black', 'silver', 'grey', 'yellow']"
286,5f4b6dd1-1c3b-47dc-9ae6-9a29b33979e1,Caterham,Seven 270,270 hp,177 lb-ft,6-speed manual,Rear-wheel drive,32 mpg (city)/40 mpg (highway),2,"Starting at £31,995",2023-Present,Sports car,4-cylinder,4,2,Diesel,"['white', 'black', 'silver']"
287,f5750765-f3c7-4eae-b2c0-8c2361a79e45,Caterham,Seven 360,360 hp,221 lb-ft,6-speed manual,Rear-wheel drive,29 mpg (city)/37 mpg (highway),2,"Starting at £36,995",2023-Present,Sports car,4-cylinder,4,5,CNG,"['white', 'blue', 'silver', 'grey', 'green', 'silver']"
288,d6f5856a-92c4-4bb4-893f-d1a9a129a685,Caterham,Seven 420,420 hp,265 lb-ft,6-speed manual,Rear-wheel drive,27 mpg (city)/35 mpg (highway),2,"Starting at £41,995",2023-Present,Sports car,4-cylinder,4,2,Diesel,"['red', 'blue', 'grey', 'silver']"
289,c565a82a-7c9a-4582-8ff9-e1d0f7e19d91,Caterham,Seven 620,620 hp,321 lb-ft,6-speed manual,Rear-wheel drive,25 mpg (city)/33 mpg (highway),2,"Starting at £54,995",2023-Present,Sports car,4-cylinder,4,2,Petrol,"['white', 'blue', 'grey', 'green', 'silver', 'brown']"
290,c6b50fe4-57f2-4929-9b9d-3faa9f887a3b,Chrysler,300,363 hp,394 lb-ft,8-speed automatic,Rear-wheel drive or all-wheel drive,19/31 mpg,4,"Starting at $32,145",2023-Present,Sedan,V6,6,4,Petrol,"['red', 'white', 'blue', 'grey', 'yellow', 'brown']"
291,8ef4ad27-18f5-4fef-a765-6f0999122ed5,Chrysler,Pacifica,287 hp,262 lb-ft,9-speed automatic,Front-wheel drive or all-wheel drive,19/29 mpg,3,"Starting at $32,995",2023-Present,Minivan,V6,6,7,Petrol,"['white', 'grey', 'green', 'silver', 'brown']"
292,ac09686e-2f6f-4684-8129-302538de99ef,Chrysler,Voyager,287 hp,262 lb-ft,9-speed automatic,Front-wheel drive or all-wheel drive,19/29 mpg,4,"Starting at $26,995",2023-Present,Minivan,V6,6,2,Diesel,"['blue', 'black', 'silver', 'grey', 'yellow', 'brown']"
293,56805b5b-a6e6-4678-a5cd-b0e829d1f7a9,Chrysler,Pacifica Hybrid,260 hp,253 lb-ft,eCVT,Front-wheel drive,84 MPGe,4,"Starting at $45,995",2023-Present,Minivan,Hybrid,4,4,CNG,"['red', 'blue', 'grey', 'silver', 'brown']"
294,1f81dbdf-ecb7-4a7b-a493-e5dc058e92c3,Fisker,Ocean,275 hp,450 lb-ft,Single-speed direct drive,Rear-wheel drive,350 miles,5,"Starting at $37,499",2023-Present,SUV,Electric,0,2,CNG,"['red', 'white', 'grey', 'green', 'yellow', 'brown']"
295,0818e0b3-f2a7-4916-87de-8b3f51b9fb0a,Fisker,Pear,350 hp,516 lb-ft,Single-speed direct drive,Rear-wheel drive,310 miles,4,"Starting at $29,999",2023-Present,Sedan,Electric,0,2,CNG,"['red', 'white', 'yellow', 'silver', 'brown']"
296,19d782fc-9a09-490c-81f9-184dbda88689,Infiniti,QX50,268 hp,280 lb-ft,9-speed automatic,Front-wheel drive or all-wheel drive,22/29 mpg,5,"Starting at $37,400",2023-Present,SUV,4-cylinder,4,2,CNG,"['white', 'blue', 'black', 'silver', 'green', 'brown']"
297,e4a72c95-eb3a-429f-8b3d-4efee3bab022,Infiniti,QX60,295 hp,270 lb-ft,9-speed automatic,Front-wheel drive or all-wheel drive,20/26 mpg,7,"Starting at $45,900",2023-Present,SUV,V6,6,7,Petrol,"['red', 'blue', 'grey', 'silver', 'brown']"
298,6a4d6578-9c1f-4561-8729-3490cc616cc7,Infiniti,QX80,400 hp,400 lb-ft,7-speed automatic,All-wheel drive,14/19 mpg,4,"Starting at $72,900",2023-Present,SUV,V8,8,7,Petrol,"['red', 'white', 'blue', 'black', 'silver', 'green', 'yellow']"
299,8cd38e87-1464-44e4-a7d1-5b75b38b53a3,Infiniti,Q50,300 hp,295 lb-ft,7-speed automatic,Rear-wheel drive or all-wheel drive,20/27 mpg,4,"Starting at $36,900",2023-Present,Sedan,V6,6,7,Diesel,['yellow']
300,c1f61905-91d3-4f53-a769-cad9a303fcf5,Infiniti,Q60,300 hp,295 lb-ft,7-speed automatic,Rear-wheel drive or all-wheel drive,19/27 mpg,2,"Starting at $41,900",2023-Present,Coupe,V6,6,5,Diesel,"['red', 'blue', 'silver', 'grey', 'green', 'yellow', 'silver']"
301,3c5b2b4b-8071-4c6f-ac88-515c5afcf885,Infiniti,QX70,390 hp,369 lb-ft,7-speed automatic,All-wheel drive,15/20 mpg,5,"Starting at $62,900",2023-Present,SUV,V8,8,7,CNG,"['red', 'black', 'grey', 'green', 'yellow', 'silver']"
302,9c7c7f6f-78a6-4f94-89ec-16aab0ac7bbc,Infiniti,QX70 Hybrid,360 hp,273 lb-ft,Continuously variable automatic,All-wheel drive,23/28 mpg,5,"Starting at $68,900",2023-Present,SUV,Hybrid,V6,7,CNG,"['red', 'black', 'grey', 'yellow', 'silver', 'brown']"
303,1e7f6fa2-8700-4125-bc3b-a87902e3969c,Isuzu,Ascender,281 hp,307 lb-ft,6-speed automatic,All-wheel drive,16/23 mpg,4,"Starting at $40,520",2016-Present,SUV,V6,6,4,CNG,"['red', 'white', 'blue', 'silver', 'silver', 'brown']"
304,8f335f6d-7105-4cb0-b95a-950b46ac844e,Isuzu,D-Max,302 hp,236 lb-ft,6-speed automatic,Rear-wheel drive or 4-wheel drive,20/24 mpg,5,"Starting at $25,620",2016-Present,Pickup Truck,Diesel,4,7,CNG,"['white', 'blue', 'silver', 'grey', 'green', 'brown']"
305,e250ad89-e34a-4fbb-80a2-be39344fb0d8,Isuzu,MU-X,255 hp,236 lb-ft,6-speed automatic,4-wheel drive,18/23 mpg,5,"Starting at $39,990",2016-Present,SUV,Diesel,4,2,CNG,"['grey', 'green', 'yellow', 'brown']"
306,8891ed96-6de1-477f-9a1f-7b4e7566773a,Isuzu,NPR,215 hp,430 lb-ft,6-speed manual,Rear-wheel drive or 4-wheel drive,17/22 mpg,3,"Starting at $31,320",2016-Present,Truck,Diesel,6,5,CNG,"['red', 'black', 'silver', 'green', 'yellow', 'silver']"
307,b35d423f-a938-44ef-8e2b-de12aef00641,Isuzu,NQR,181 hp,401 lb-ft,6-speed manual,Rear-wheel drive or 4-wheel drive,18/22 mpg,3,"Starting at $25,120",2016-Present,Truck,Diesel,4,7,Petrol,"['white', 'blue', 'grey', 'yellow', 'brown']"
308,15a7c635-cb5b-44a1-ae4a-71d0e7574abd,Isuzu,FTR,181 hp,401 lb-ft,6-speed manual,Rear-wheel drive or 4-wheel drive,18/22 mpg,3,"Starting at $33,920",2016-Present,Truck,Diesel,4,5,Petrol,"['red', 'silver', 'brown']"
309,796079f4-4854-4707-a287-2445f2f623d0,Lotus,Emira,400 hp,310 lb-ft,8-speed automatic,Rear-wheel drive,23/30 mpg,2,"Starting at $72,900",2023-Present,Sports car,V6,6,5,Petrol,"['red', 'white', 'blue', 'black', 'silver', 'silver', 'brown']"
310,ab2b3e80-82ca-4ba7-bedf-367221d5208f,Lotus,Elise,250 hp,184 lb-ft,6-speed manual,Rear-wheel drive,27/35 mpg,2,"Starting at $59,900",2023-Present,Sports car,4-cylinder,4,2,Petrol,"['blue', 'black', 'silver', 'grey', 'green', 'yellow', 'brown']"
311,92441a84-daf7-4c93-a561-d738950acdad,Lotus,Exige,300 hp,260 lb-ft,6-speed manual,Rear-wheel drive,23/30 mpg,2,"Starting at $71,900",2023-Present,Sports car,V6,6,2,Diesel,"['red', 'white', 'silver', 'green', 'silver']"
312,69786195-6795-4f43-b2b0-ecb13108203e,Lotus,Evija,"2,000 hp","1,250 lb-ft",Single-speed direct drive,Rear-wheel drive,180 miles,2,Starting at $1.9 million,2023-Present,Electric hypercar,Electric,0,7,Petrol,"['red', 'blue']"
313,d4f197e5-2b54-4fa8-8993-9e2184e53220,Morgan,Aero 8,367 hp,295 lb-ft,6-speed manual,Rear-wheel drive,19/29 mpg,2,"Starting at $120,000",2023-Present,Sports car,V8,8,7,Petrol,"['black', 'silver', 'yellow', 'silver']"
314,962e20fd-9bee-4371-8356-25da2865c52b,Morgan,Plus 4,180 hp,163 lb-ft,5-speed manual,Rear-wheel drive,26/35 mpg,2,"Starting at $79,995",2023-Present,Sports car,4-cylinder,4,4,Petrol,"['white', 'blue', 'yellow']"
315,a87f611e-a623-4cb4-b9ec-43945e71d528,Morgan,Plus 6,335 hp,280 lb-ft,6-speed manual,Rear-wheel drive,21/29 mpg,2,"Starting at $109,995",2023-Present,Sports car,V6,6,4,CNG,['yellow']
316,79b73799-48e7-4085-b133-3aba0ef63ca1,Morgan,Roadster,180 hp,163 lb-ft,5-speed manual,Rear-wheel drive,26/35 mpg,2,"Starting at $79,995",2023-Present,Sports car,4-cylinder,4,4,CNG,"['blue', 'black', 'yellow', 'brown']"
317,182d40c4-d419-4e84-9215-dd705d2c0591,Morgan,Super 3,170 hp,127 lb-ft,5-speed manual,Rear-wheel drive,36 mpg (city)/44 mpg (highway),2,"Starting at £34,995",2023-Present,Sports car,3-cylinder,3,2,Petrol,"['white', 'blue', 'silver', 'green', 'silver', 'brown']"
318,6e942bf4-2cc8-4ca8-a981-426c84c9d7ed,Smart,Fortwo,89 hp,128 lb-ft,5-speed automatic,Front-wheel drive,34 mpg (city)/41 mpg (highway),2,"Starting at $22,450",2023-Present,City car,3-cylinder,1,2,Diesel,"['red', 'blue', 'black', 'silver', 'green']"
319,519173d2-67fd-4600-98b4-b5438ff53ea5,Smart,Forfour,91 hp,128 lb-ft,6-speed automatic,Front-wheel drive,33 mpg (city)/40 mpg (highway),4,"Starting at $24,450",2023-Present,City car,3-cylinder,1,5,CNG,"['red', 'blue', 'black', 'silver', 'grey', 'green']"
320,a7232bcf-2c3a-4301-ba21-142ef6586e98,Suzuki,Across,335 hp,369 lb-ft,CVT,All-wheel drive,25 mpg (city)/28 mpg (highway),5,"Starting at $44,990",2023-Present,SUV,Hybrid,4,4,Diesel,"['white', 'silver', 'grey', 'green', 'silver']"
321,985ab12c-fc61-4e05-8550-bb4b9f7aea51,Suzuki,Baleno,110 hp,113 lb-ft,5-speed manual or CVT,Front-wheel drive,31 mpg (city)/42 mpg (highway),5,"Starting at $15,299",2023-Present,Hatchback,4-cylinder,4,4,Diesel,"['blue', 'grey', 'green', 'yellow', 'silver', 'brown']"
322,319826d3-041d-4c23-bec8-f66f90bef8d3,Suzuki,Celerio,68 hp,67 lb-ft,5-speed manual or AMT,Front-wheel drive,37 mpg (city)/47 mpg (highway),5,"Starting at $14,499",2023-Present,Hatchback,3-cylinder,1,5,Diesel,"['white', 'blue', 'yellow']"
323,3e0ac576-e32b-4e7c-8e26-4d0fa0504736,Suzuki,Ciaz,115 hp,113 lb-ft,4-speed automatic,Front-wheel drive,32 mpg (city)/42 mpg (highway),4,"Starting at $18,499",2023-Present,Sedan,4-cylinder,4,5,Diesel,"['red', 'grey', 'green', 'brown']"
324,aee6b1d2-ce93-4054-acdd-7542e0a45457,Suzuki,Jimny,101 hp,96 lb-ft,5-speed manual,4-wheel drive,23 mpg (city)/28 mpg (highway),3,"Starting at $21,299",2023-Present,SUV,4-cylinder,4,2,Diesel,"['white', 'blue', 'grey', 'brown']"
325,95bce181-91bf-4dae-8c47-185daac24210,Suzuki,S-Cross,148 hp,132 lb-ft,6-speed automatic,All-wheel drive,28 mpg (city)/33 mpg (highway),5,"Starting at $25,299",2023-Present,Crossover,4-cylinder,4,4,Diesel,"['blue', 'green', 'yellow', 'silver', 'brown']"
326,620e0409-07e2-446e-84e5-2e4e9e45c2ab,Suzuki,Swift,103 hp,101 lb-ft,5-speed manual or CVT,Front-wheel drive,32 mpg (city)/40 mpg (highway),5,"Starting at $16,299",2023-Present,Hatchback,4-cylinder,4,2,Petrol,"['red', 'white', 'silver', 'grey', 'green']"
327,5f40522a-89a2-4864-a83e-9cba4e4e2e5e,Suzuki,Vitara,148 hp,132 lb-ft,6-speed automatic,All-wheel drive,28 mpg (city)/33 mpg (highway),5,"Starting at $26,299",2023-Present,SUV,4-cylinder,4,5,Diesel,"['white', 'blue', 'grey', 'yellow', 'brown']"
328,a842eb09-b157-49a5-af25-fb3bd6c5b571,Suzuki,XL7,181 hp,184 lb-ft,6-speed automatic,All-wheel drive,23 mpg (city)/30 mpg (highway),7,"Starting at $29,299",2023-Present,SUV,4-cylinder,4,5,Petrol,"['red', 'blue', 'brown']"
329,b696b02f-139f-451e-96a8-6d3ece709ff5,Vauxhall,Corsa,108 hp,127 lb-ft,5-speed manual or 8-speed automatic,Front-wheel drive,32 mpg (city)/42 mpg (highway),5,"Starting at £15,995",2023-Present,Hatchback,3-cylinder,1,2,Petrol,"['silver', 'yellow', 'brown']"
330,9cfc1244-c405-40f6-b2dc-8c9e85d24eab,Vauxhall,Crossland,108 hp,127 lb-ft,8-speed automatic,Front-wheel drive,34 mpg (city)/42 mpg (highway),5,"Starting at £20,495",2023-Present,Crossover,3-cylinder,1,7,Petrol,"['black', 'yellow']"
331,655fb49a-fade-489c-a7a7-30cb90c492ee,Vauxhall,Grandland,177 hp,207 lb-ft,8-speed automatic,Front-wheel drive or all-wheel drive,30 mpg (city)/40 mpg (highway),5,"Starting at £24,495",2023-Present,SUV,4-cylinder,4,5,Petrol,"['red', 'white', 'blue', 'black', 'silver', 'grey', 'green', 'brown']"
332,1cac0bb0-483d-42a5-8ca0-8686a52ee9d0,Vauxhall,Insignia,177 hp,207 lb-ft,8-speed automatic,Front-wheel drive or all-wheel drive,31 mpg (city)/40 mpg (highway),5,"Starting at £25,495",2023-Present,Sedan,4-cylinder,4,4,CNG,"['red', 'white', 'blue', 'black', 'silver']"
333,e7f263e3-cea5-44dc-9667-8edde08dd27a,Vauxhall,Mokka,138 hp,174 lb-ft,8-speed automatic,Front-wheel drive or all-wheel drive,32 mpg (city)/40 mpg (highway),5,"Starting at £20,495",2023-Present,SUV,3-cylinder,1,4,Diesel,"['red', 'black', 'grey', 'yellow', 'brown']"
334,008b87c2-e576-4241-9301-8b0c5353968d,Vauxhall,Vivaro,130 hp,236 lb-ft,8-speed automatic,Front-wheel drive or all-wheel drive,25 mpg (city)/35 mpg (highway),5,"Starting at £24,595",2023-Present,Van,4-cylinder,4,5,Petrol,"['red', 'white', 'blue', 'black', 'silver', 'brown']"
335,acec9c9b-fe19-4342-aa3e-ad2816006657,Vauxhall,Combo-Life,130 hp,236 lb-ft,8-speed automatic,Front-wheel drive or all-wheel drive,26 mpg (city)/37 mpg (highway),5,"Starting at £22,595",2023-Present,MPV,4-cylinder,4,4,CNG,"['silver', 'grey', 'green', 'silver']"
336,c947f083-ff94-445e-8b8b-5101ef9a221c,Zagato,Aston Martin DB4 GT Zagato,318 PS (314 bhp - 234 kW),377.0 Nm (278 lb. ft) at 4000 rpm,4 speed Manual,Rear-wheel drive,19/29 mpg,2,"Starting at £1,000,000",1961-1962,Coupé,Inline 6,6,7,Diesel,"['red', 'white', 'black', 'silver', 'silver', 'brown']"
337,be237567-824a-4c2f-9528-3449545c5254,Zagato,Aston Martin V12 Zagato,517 PS (510 bhp - 380 kW),570 Nm (420 lb. ft) at 5750 rpm,6 speed Manual,Rear-wheel drive,"16.4 l/100 km - 17 mpg UK - 14 mpg US (Average), 0 to 100 km/h (62mph) in 4.2 seconds, a maximum top speed of 190 mph (305 km/h)",2,"Starting at £500,000",2011-2012,Coupé,V12,12,4,CNG,"['white', 'black', 'green', 'yellow', 'brown']"
338,86ffb6f7-b34a-486e-b367-52b0958dc69f,Zagato,Alfa Romeo TZ3 Stradale,400 PS (395 bhp - 294 kW),400 Nm (295 lb. ft),6 speed Manual,Rear-wheel drive,"17.5 l/100 km - 18 mpg UK - 15 mpg US (Average), 0 to 100 km/h (62mph) in 4.2 seconds, a maximum top speed of 186 mph (299 km/h)",2,"Starting at €400,000",2011-2013,Coupé,V8,8,7,CNG,"['white', 'grey', 'green', 'yellow', 'silver', 'brown']"
339,36bacd47-d058-4895-a60f-246f80da2f9c,Zagato,Bentley Flying Spur Zagato,630 PS (621 bhp - 462 kW),820 Nm (605 lb. ft),8 speed Automatic,All-wheel drive,"21.2 l/100 km - 22 mpg UK - 18 mpg US (Average), 0 to 100 km/h (62mph) in 4.5 seconds, a maximum top speed of 205 mph (330 km/h)",5,"Starting at £300,000",2012-2014,Saloon,W12,12,5,Petrol,"['white', 'blue', 'grey', 'yellow', 'brown']"
340,ff14ba35-a9a6-46a4-9089-00846c35d303,Zagato,Fiat 124 Spider Zagato,160 PS (158 bhp - 118 kW),250 Nm (184 lb. ft),6 speed Manual,Rear-wheel drive,"52.3 mpg (Average), 0 to 100 km/h (62mph) in 7.5 seconds, a maximum top speed of 130 mph (210 km/h)",2,"Starting at €40,000",2011-2014,Roadster,4-cylinder,4,7,CNG,"['red', 'white', 'black', 'silver', 'green', 'yellow']"
341,5d619643-55fe-4c6c-90cc-d3ad995b41f9,Zagato,Jaguar C-Type,300 bhp (224 kW),270 lb-ft (366 Nm),4 speed Manual,Rear-wheel drive,"20 mpg (Average), 0 to 60 mph in 5.3 seconds, a maximum top speed of 150 mph (241 km/h)",2,"Starting at £1,000,000",1951-1953,Coupé,Straight 6,6,7,Petrol,"['red', 'silver', 'grey', 'green', 'silver', 'brown']"
342,187c4783-79ee-4cfb-8c5a-af72ca13810a,Wiesmann,MF5,555 hp,680 Nm,6-speed automatic,Rear-wheel drive,10.7 l/100 km,2,"Starting at €200,000",2005-2013,2-door sports car,V8,8,2,Petrol,"['red', 'blue', 'silver', 'grey']"
343,a3519e3b-15b8-48fa-a039-e8b539bdfe13,Wiesmann,GT MF4,420 hp,442 Nm,6-speed manual,Rear-wheel drive,12.5 l/100 km,2,"Starting at €150,000",2009-2013,2-door sports car,V9,8,2,Petrol,"['white', 'blue', 'yellow', 'brown']"
344,3216d1ab-52fc-48a5-b128-e680cbbda531,Wiesmann,Roadster MF4,360 hp,420 Nm,6-speed manual,Rear-wheel drive,12.5 l/100 km,2,"Starting at €130,000",2009-2014,2-door sports car,V10,8,7,Petrol,"['grey', 'green']"
345,49ac3f2c-5083-4ff3-833e-665335421b29,Lamborghini,Aventador,760 hp,560 lb-ft,7-speed automated manual,All-wheel drive,15 city / 24 highway,2,"Starting at $420,000",2011-2023,2-door sports car,V12,12,2,Diesel,"['red', 'white', 'black', 'silver', 'yellow', 'silver', 'brown']"
346,4560ddf4-b680-42bf-87bd-0dd73221a3b6,Lamborghini,Huracan,631 hp,443 lb-ft,7-speed dual-clutch automatic,All-wheel drive,15 city / 22 highway,2,"Starting at $200,000",2014-present,2-door sports car,V10,10,7,Diesel,"['red', 'black', 'brown']"
347,f255dec5-29bf-42d7-b8b8-962f599abefd,Lamborghini,Urus,650 hp,642 lb-ft,8-speed automatic,All-wheel drive,15 city / 21 highway,4,"Starting at $211,000",2018-present,5-door SUV,V8,8,5,Diesel,"['white', 'blue', 'grey', 'green', 'yellow']"
348,82dfb06b-8dfe-481b-93aa-9806bcb11b6f,Lamborghini,Sian,819 hp,531 lb-ft,7-speed automated manual,All-wheel drive,13 city / 20 highway,2,Starting at $3.2 million,2020-present,2-door sports car,V12,12,5,Petrol,"['red', 'silver', 'yellow', 'silver', 'brown']"
349,7a1209b0-0330-4ada-a817-42d8e3abb3a2,Lamborghini,Countach,449 hp,369 lb-ft,5-speed manual,Rear-wheel drive,13 city / 18 highway,2,"Starting at $180,000",1974-1990,2-door sports car,V12,12,7,Petrol,"['red', 'white', 'black', 'green']"
350,fb497553-34d6-4bc6-bc62-2344d76e0fe5,Lamborghini,Diablo,570 hp,463 lb-ft,5-speed manual,Rear-wheel drive,12 city / 18 highway,2,"Starting at $275,000",1990-2001,2-door sports car,V12,12,5,Petrol,"['red', 'white', 'blue', 'black', 'silver', 'brown']"
351,bddd3a4a-1b08-4534-a896-8b46aca738c5,Lamborghini,Murciélago,631 hp,487 lb-ft,6-speed manual,Rear-wheel drive,12 city / 18 highway,2,"Starting at $375,000",2001-2010,2-door sports car,V12,12,4,Diesel,"['red', 'grey', 'brown']"
352,3c8f5fd1-d26d-44a0-8ab4-bfd3452c046a,Lamborghini,Gallardo,562 hp,413 lb-ft,6-speed manual,Rear-wheel drive,12 city / 18 highway,2,"Starting at $200,000",2003-2013,2-door sports car,V10,10,7,Diesel,"['red', 'black', 'grey', 'yellow', 'brown']"
353,b0c2ebb6-5d7a-4e82-9ee4-26aa7b4c03ff,Lamborghini,Espada,350 hp,339 lb-ft,5-speed manual,Rear-wheel drive,14 city / 19 highway,2,"Starting at $120,000",1968-1978,2-door grand tourer,V12,12,7,Diesel,"['red', 'white', 'blue', 'black', 'silver', 'green', 'yellow', 'silver']"
354,155ab819-5f04-4230-8ed3-969e49f91954,Lamborghini,Miura,350 hp,284 lb-ft,5-speed manual,Rear-wheel drive,14 city / 19 highway,2,"Starting at $100,000",1966-1972,2-door sports car,V12,12,4,CNG,"['white', 'black', 'silver', 'grey', 'yellow', 'brown']"
355,d415faf7-028b-4306-bd08-772711506195,Toyota,Camry,203 hp,184 lb-ft,8-speed automatic,Front-wheel drive,28 city / 39 highway,4,"Starting at $25,295",2020-present,Sedan,4-cylinder,4,7,Diesel,"['silver', 'grey', 'green', 'silver', 'brown']"
356,d4b4c3bf-2740-4957-9707-c350232f8382,Toyota,Corolla,139 hp,126 lb-ft,CVT automatic,Front-wheel drive,31 city / 40 highway,4,"Starting at $20,075",2020-present,Sedan,4-cylinder,4,2,Diesel,"['red', 'blue', 'black', 'silver', 'silver', 'brown']"
357,c4a0443a-d030-4b6e-b7fd-a34afa3ba8ba,Toyota,RAV4,203 hp,184 lb-ft,8-speed automatic,Front-wheel drive or all-wheel drive,27 city / 35 highway,5,"Starting at $26,225",2020-present,SUV,4-cylinder,4,2,CNG,"['red', 'blue', 'black', 'green', 'silver', 'brown']"
358,c2c904bb-047e-4ff5-a014-5ffaa73f3fb6,Toyota,Highlander,295 hp,263 lb-ft,8-speed automatic,Front-wheel drive or all-wheel drive,20 city / 27 highway,8,"Starting at $34,625",2020-present,SUV,V6,6,5,CNG,"['red', 'blue', 'grey']"
359,e9ea863d-695f-441b-ad07-bd8a527d8fd7,Toyota,Tacoma,159 hp,184 lb-ft,6-speed manual or 6-speed automatic,Rear-wheel drive or 4-wheel drive,19 city / 24 highway,4,"Starting at $25,295",2020-present,Truck,4-cylinder,4,5,Diesel,"['white', 'silver', 'grey']"
360,ae7da153-6801-4e41-af3f-0b4664721f17,Toyota,Prius,139 hp,126 lb-ft,CVT automatic,Front-wheel drive,53 city / 49 highway,5,"Starting at $24,525",2020-present,Hybrid,4-cylinder,4,4,Diesel,"['white', 'blue', 'black', 'silver', 'grey', 'green', 'silver', 'brown']"
361,634bca75-5b2d-4633-a9d5-47a53e42fba5,Toyota,Mirai,182 hp,221 lb-ft,Fuel cell electric,Rear-wheel drive,66 city / 67 highway,4,"Starting at $66,000",2020-present,Sedan,Fuel cell,1,5,Petrol,"['red', 'white', 'blue', 'silver', 'grey', 'green', 'brown']"
362,1917dadc-a3f7-4446-bfe3-6eecaf046424,Toyota,GR Supra,382 hp,368 lb-ft,8-speed automatic,Rear-wheel drive,22 city / 31 highway,2,"Starting at $49,995",2020-present,Sports car,Inline-6,6,2,Petrol,"['blue', 'black', 'silver', 'grey', 'green', 'silver', 'brown']"
363,6f2a8464-21cb-43a7-a98c-520c215e35cd,Toyota,86,205 hp,156 lb-ft,6-speed manual,Rear-wheel drive,21 city / 30 highway,2,"Starting at $26,225",2020-present,Sports car,Boxer,4,4,CNG,"['red', 'blue', 'black', 'silver', 'green', 'yellow', 'brown']"
364,62873f85-56dc-426a-a324-64bf31ad6ddf,Suzuki,Alto,71 hp,63 lb-ft,5-speed manual,Front-wheel drive,30 city / 43 highway,5,"Starting at $11,000",2020-present,Hatchback,4-cylinder,4,7,Petrol,"['red', 'white', 'silver', 'grey', 'green', 'yellow']"
365,8e0eb736-06fd-4fdc-8eae-e5f62f94a2a7,Suzuki,Baleno,101 hp,103 lb-ft,CVT automatic,Front-wheel drive,30 city / 43 highway,5,"Starting at $15,000",2020-present,Hatchback,4-cylinder,4,2,Diesel,"['blue', 'silver', 'grey', 'green', 'yellow', 'silver', 'brown']"
366,20e06128-baef-4a73-b209-80500c523855,Suzuki,Jimny,101 hp,96 lb-ft,5-speed manual,4-wheel drive,23 city / 30 highway,3,"Starting at $20,000",2019-present,SUV,4-cylinder,4,7,CNG,"['white', 'silver', 'yellow', 'brown']"
367,04c3b783-7ac2-4b2b-88b8-b0c49336ecc4,Suzuki,Swift,110 hp,113 lb-ft,CVT automatic,Front-wheel drive,30 city / 43 highway,5,"Starting at $17,000",2020-present,Hatchback,4-cylinder,4,5,Diesel,"['red', 'blue', 'black', 'grey', 'yellow']"
368,6e0dbeee-4c88-4364-b8be-93900d493746,Suzuki,Vitara,148 hp,132 lb-ft,6-speed automatic,Front-wheel drive or all-wheel drive,26 city / 34 highway,5,"Starting at $23,000",2020-present,SUV,4-cylinder,4,4,CNG,"['white', 'black', 'silver', 'yellow']"
369,bc591325-7649-47e1-bae3-3b4976951250,Suzuki,Ertiga,103 hp,104 lb-ft,4-speed automatic,Front-wheel drive or all-wheel drive,24 city / 32 highway,7,"Starting at $20,000",2018-present,MPV,4-cylinder,4,5,CNG,"['white', 'grey', 'yellow', 'silver']"
370,d29fc243-e2ed-4125-8ab3-39607eaccbea,Suzuki,XL7,158 hp,145 lb-ft,6-speed automatic,Front-wheel drive or all-wheel drive,21 city / 29 highway,7,"Starting at $25,000",2020-present,SUV,4-cylinder,4,7,CNG,"['white', 'blue', 'black', 'silver', 'grey', 'green', 'yellow', 'silver', 'brown']"
371,55ed10bb-96e6-4618-ab05-a647b9f5844d,Honda,Accord,192 hp,192 lb-ft,10-speed automatic,Front-wheel drive,27 city / 37 highway,4,"Starting at $24,770",2021-present,Sedan,4-cylinder,4,2,CNG,"['white', 'blue', 'black', 'silver', 'green', 'brown']"
372,38b09233-4e39-46ca-9382-594c366111d1,Honda,Civic,158 hp,138 lb-ft,CVT automatic,Front-wheel drive,31 city / 40 highway,4,"Starting at $21,700",2022-present,Sedan,4-cylinder,4,7,Petrol,"['red', 'white', 'blue', 'black', 'silver']"
373,423f32b1-84d5-467d-ab90-9f5afbabc26d,Honda,CR-V,190 hp,179 lb-ft,10-speed automatic,Front-wheel drive or all-wheel drive,27 city / 32 highway,5,"Starting at $25,295",2023-present,SUV,4-cylinder,4,4,CNG,"['red', 'white', 'blue', 'yellow', 'silver', 'brown']"
374,e6118f75-fc41-476a-9179-2337a731a57e,Honda,HR-V,158 hp,138 lb-ft,CVT automatic,Front-wheel drive,28 city / 32 highway,5,"Starting at $21,700",2023-present,SUV,4-cylinder,4,2,CNG,"['black', 'green', 'silver', 'brown']"
375,c26b0207-a070-4006-8926-a3b82aa4442d,Honda,Odyssey,280 hp,262 lb-ft,10-speed automatic,Front-wheel drive,19 city / 28 highway,8,"Starting at $31,470",2023-present,Minivan,V6,6,4,Petrol,"['red', 'blue', 'black', 'silver']"
376,c6ea8899-e88a-4452-b5cb-fa4cb9e64a6f,Honda,Pilot,280 hp,262 lb-ft,9-speed automatic,Front-wheel drive or all-wheel drive,19 city / 26 highway,8,"Starting at $36,295",2023-present,SUV,V6,6,2,CNG,"['red', 'white', 'black', 'grey']"
377,53c595c2-c59f-4116-8216-c302d94c3fda,Honda,Insight,151 hp,134 lb-ft,CVT automatic,Front-wheel drive,49 city / 47 highway,5,"Starting at $23,695",2023-present,Hybrid,4-cylinder,4,7,Petrol,"['red', 'black', 'silver', 'grey', 'yellow', 'silver']"
378,71c3bc7c-8755-4372-aefd-f83956d4ecd6,Honda,NSX,573 hp,492 lb-ft,9-speed automatic,Rear-wheel drive,21 city / 28 highway,2,"Starting at $156,000",2016-present,Sports car,V6,6,5,Diesel,"['white', 'grey', 'green', 'yellow', 'silver', 'brown']"
379,d92e0669-8c23-4415-b451-1cafe56cd414,Honda,S2000,240 hp,162 lb-ft,6-speed manual,Rear-wheel drive,20 city / 28 highway,2,"Starting at $31,995",1999-2009,Sports car,4-cylinder,4,5,Petrol,"['white', 'blue', 'green']"
380,0d812092-f6e7-49f0-b0bb-0630dee37f42,Chevrolet,Camaro,335 hp,290 lb-ft,6-speed manual or 10-speed automatic,Rear-wheel drive,19 city / 29 highway,2,"Starting at $25,995",2016-present,Sports car,V6,6,7,CNG,"['white', 'blue', 'black', 'silver', 'yellow', 'silver']"
381,2731040c-40ec-43d2-8392-a7f6f8b5446f,Chevrolet,Corvette,490 hp,460 lb-ft,8-speed automatic,Rear-wheel drive,16 city / 23 highway,2,"Starting at $59,995",2020-present,Sports car,V8,8,5,Petrol,"['white', 'blue', 'silver', 'silver']"
382,cb9d3cbf-e2d5-45da-b488-4cfeb7fd6119,Chevrolet,Cruze,153 hp,138 lb-ft,6-speed manual or CVT automatic,Front-wheel drive,29 city / 39 highway,4,"Starting at $19,995",2016-present,Sedan,4-cylinder,4,2,Diesel,"['white', 'blue', 'black', 'silver', 'grey']"
383,178aaf4c-d5a7-499a-bcd7-4963b445168b,Chevrolet,Equinox,170 hp,174 lb-ft,9-speed automatic,Front-wheel drive or all-wheel drive,26 city / 31 highway,5,"Starting at $25,295",2023-present,SUV,4-cylinder,4,5,Diesel,"['red', 'white', 'blue', 'black', 'silver', 'grey', 'green', 'silver', 'brown']"
384,47f44e15-d196-4061-b389-87397208b28e,Chevrolet,Silverado 1500,355 hp,383 lb-ft,10-speed automatic,Rear-wheel drive or four-wheel drive,18 city / 24 highway,4,"Starting at $25,995",1998-present,Truck,V8,8,7,CNG,"['red', 'white', 'blue', 'silver', 'yellow', 'brown']"
385,b02801a8-d7dc-49b5-9490-7db1a6352450,Chevrolet,Silverado 2500HD,420 hp,460 lb-ft,6-speed automatic,Rear-wheel drive or four-wheel drive,16 city / 22 highway,4,"Starting at $35,295",1999-present,Truck,V8,8,4,Diesel,"['white', 'black', 'silver', 'grey', 'silver']"
386,8031b905-9396-4f99-bd13-dcea2eccd8a1,Chevrolet,Suburban,355 hp,383 lb-ft,10-speed automatic,Rear-wheel drive or four-wheel drive,17 city / 23 highway,8,"Starting at $51,995",1935-present,SUV,V8,8,7,Diesel,"['white', 'black', 'silver', 'brown']"
387,0c2c0a3d-4154-4243-b156-35a3127935ad,Chevrolet,Tahoe,355 hp,383 lb-ft,10-speed automatic,Rear-wheel drive or four-wheel drive,17 city / 23 highway,8,"Starting at $49,995",1995-present,SUV,V8,8,5,CNG,"['blue', 'black', 'grey', 'green', 'yellow', 'brown']"
388,329d63de-135b-4787-8748-02aba8e5adca,Chevrolet,Trax,138 hp,148 lb-ft,CVT automatic,Front-wheel drive,28 city / 33 highway,5,"Starting at $20,995",2013-present,SUV,4-cylinder,4,5,CNG,"['white', 'blue', 'silver', 'grey', 'green']"
389,03c30d93-c01e-4ecb-a325-d894a1b49dcb,Chevrolet,Trailblazer,230 hp,258 lb-ft,9-speed automatic,Front-wheel drive or all-wheel drive,22 city / 29 highway,5,"Starting at $25,995",2020-present,SUV,4-cylinder,4,2,Diesel,"['white', 'black', 'silver', 'yellow']"
390,34c5b22b-4860-4d02-a83d-6ba8ad7671d8,Renault,Arkana,148 hp,148 lb-ft,CVT automatic,Front-wheel drive,29 city / 39 highway,5,"Starting at $23,990",2022-present,SUV,4-cylinder,4,2,Petrol,"['red', 'white', 'yellow', 'silver']"
391,cf1401c2-8866-4aa1-8a62-746c9692ff7e,Renault,Clio,138 hp,148 lb-ft,CVT automatic,Front-wheel drive,30 city / 40 highway,5,"Starting at $19,990",2020-present,Hatchback,4-cylinder,4,7,Diesel,"['silver', 'green', 'yellow', 'brown']"
392,948aaba4-4720-4c0c-ba2d-0736d7d457f0,Renault,Captur,148 hp,148 lb-ft,CVT automatic,Front-wheel drive,29 city / 39 highway,5,"Starting at $22,990",2022-present,SUV,4-cylinder,4,7,Diesel,"['black', 'green', 'yellow', 'silver']"
393,f34beeb7-0a0a-4e28-aa19-f9a3ce8b92b0,Renault,Koleos,181 hp,184 lb-ft,CVT automatic,Front-wheel drive or all-wheel drive,25 city / 31 highway,5,"Starting at $28,990",2017-present,SUV,4-cylinder,4,7,Petrol,"['red', 'white', 'blue', 'green', 'yellow', 'brown']"
394,0cadf259-c95f-4d0a-9b1e-88aa5028cc8f,Renault,Megane,181 hp,184 lb-ft,CVT automatic,Front-wheel drive,27 city / 34 highway,5,"Starting at $26,990",2016-present,Sedan,4-cylinder,4,4,CNG,"['red', 'blue', 'grey', 'green', 'yellow', 'silver', 'brown']"
395,0ed5c8e5-2505-4e0d-b708-bb31b4fb7943,Renault,Zoe,134 hp,184 lb-ft,Single-speed automatic,Front-wheel drive,93 city / 97 highway,5,"Starting at $29,990",2013-present,Electric car,Electric,0,4,Diesel,"['blue', 'silver', 'green', 'silver']"
396,16069c68-1cf5-4e38-8fb0-9f83d9961678,Tata Motors,Punch,85 bhp,113 Nm,5-speed manual,Front-wheel drive,19.84 kmpl,5,4.59 lakhs,2020-present,SUV,1.2L naturally aspirated petrol,3,7,Diesel,"['red', 'silver', 'silver']"
397,b0dc3a22-6003-4e47-80b1-78e0018e7277,Tata Motors,Nexon,108 bhp,170 Nm,"6-speed manual, AMT",Front-wheel drive,20.5 kmpl,5,6.49 lakhs,2017-present,SUV,"1.2L turbocharged petrol, 1.5L turbocharged diesel","3, 4",7,Diesel,"['blue', 'grey', 'yellow']"
398,cf1ca444-498a-4294-ad7e-37bd403f0069,Tata Motors,Harrier,170 bhp,350 Nm,"6-speed manual, 6-speed automatic",All-wheel drive,13.1 kmpl,5,14.69 lakhs,2019-present,SUV,2.0L turbocharged petrol,4,5,CNG,"['red', 'white', 'grey', 'green', 'yellow', 'silver', 'brown']"
399,cc888ec1-f888-4028-813e-d54f1e274eb5,Tata Motors,Safari,170 bhp,350 Nm,"6-speed manual, 6-speed automatic",All-wheel drive,12.7 kmpl,7,24.69 lakhs,2021-present,SUV,2.0L turbocharged petrol,4,5,Petrol,"['blue', 'green', 'brown']"
400,edf5be72-e9f2-4ca7-bf9d-a39ee80dba6a,Tata Motors,Altroz,90 hp,113 Nm,"5-speed manual, AMT",Front-wheel drive,19.6 kmpl / 22.4 kmpl,5,₹5.49 lakhs - ₹9.39 lakhs,2020-present,Hatchback,1.2L turbocharged petrol,3,7,CNG,"['black', 'silver', 'green', 'yellow', 'brown']"
401,70bb6aef-375e-45f4-926a-d63ecf211372,Tata Motors,Tiago,70 hp,95 Nm,5-speed manual,Front-wheel drive,23.84 kmpl / 26.59 kmpl,5,₹4.19 lakhs - ₹6.99 lakhs,2016-present,Hatchback,1.2L naturally aspirated petrol,3,4,Diesel,"['silver', 'grey', 'silver', 'brown']"
402,14935476-dbcd-49ae-93cb-25e1d7664496,Tata Motors,Tigor,70 hp,95 Nm,5-speed manual,Front-wheel drive,23.84 kmpl / 26.59 kmpl,5,₹5.49 lakhs - ₹7.49 lakhs,2017-present,Sedan,1.2L naturally aspirated petrol,3,2,Petrol,"['red', 'white', 'black', 'silver', 'green', 'silver']"
403,08992f26-a00f-4fe8-bb0e-0af3a5f55056,Tata Motors,Thar,117 bhp @ 3500 rpm,250 Nm @ 1500-2000 rpm,"5-speed manual, 6-speed automatic","Rear-wheel drive, all-wheel drive",15.2 kmpl / 18 kmpl,5,₹10.55 Lakh - ₹16.78 Lakh,2020-present,SUV,2.0L turbocharged diesel,4,4,CNG,"['white', 'silver']"
